{
  "$schema": "https://raw.githubusercontent.com/OpenLightingProject/open-fixture-library/schema-12.4.0/schemas/fixture.json",
  "name": "SilentPAR 7x10W 5in1",
  "shortName": "BoomtoneSilentPar7x10W5in1",
  "categories": ["Color Changer"],
  "meta": {
    "authors": ["Anonymous"],
    "createDate": "2019-07-22",
    "lastModifyDate": "2019-07-22"
  },
  "links": {
    "manual": [
      "http://static.boomtonedj.com/pdf/manual/49/49095_silentpar7x10w5in12016enfr.pdf"
    ],
    "productPage": [
      "http://www.boomtonedj.com/boomtonedj-silentpar-7x10w-5in1-p49095.html"
    ],
    "video": [
      "https://www.youtube.com/watch?v=wFqLpt4mC8I"
    ]
  },
  "physical": {
    "dimensions": [270, 90, 252],
    "weight": 3,
    "power": 70,
    "DMXconnector": "3-pin",
    "bulb": {
      "type": "7x 10W RGBWA LEDs"
    },
    "lens": {
      "degreesMinMax": [45, 45]
    }
  },
  "availableChannels": {
    "Intensity": {
      "capability": {
        "type": "Intensity"
      }
    },
    "Red": {
      "capability": {
        "type": "ColorIntensity",
        "color": "Red"
      }
    },
    "Green": {
      "capability": {
        "type": "ColorIntensity",
        "color": "Green"
      }
    },
    "Blue": {
      "capability": {
        "type": "ColorIntensity",
        "color": "Blue"
      }
    },
    "White": {
      "capability": {
        "type": "ColorIntensity",
        "color": "White"
      }
    },
    "Amber": {
      "capability": {
        "type": "ColorIntensity",
        "color": "Amber"
      }
    },
    "Strobe": {
      "defaultValue": 0,
      "capabilities": [
        {
          "dmxRange": [0, 0],
          "type": "NoFunction"
        },
        {
          "dmxRange": [1, 255],
          "type": "ShutterStrobe",
          "shutterEffect": "Strobe",
          "speedStart": "slow",
          "speedEnd": "fast"
        }
      ]
    },
    "Program Speed": {
      "capability": {
        "type": "EffectSpeed",
        "speedStart": "slow",
        "speedEnd": "fast"
      }
    },
    "Mode": {
      "defaultValue": 0,
      "capabilities": [
        {
          "dmxRange": [0, 59],
          "type": "Effect",
          "effectName": "DMX"
        },
        {
          "dmxRange": [60, 119],
          "type": "Effect",
          "effectName": "Static"
        },
        {
          "dmxRange": [120, 179],
          "type": "Effect",
          "effectPreset": "ColorJump"
        },
        {
          "dmxRange": [180, 239],
          "type": "Effect",
          "effectPreset": "ColorFade"
        },
        {
          "dmxRange": [240, 255],
          "type": "Effect",
          "effectName": "Sound-active",
          "soundControlled": true
        }
      ]
    }
  },
  "modes": [
    {
      "name": "5-channel",
      "shortName": "5ch",
      "channels": [
        "Red",
        "Green",
        "Blue",
        "White",
        "Amber"
      ]
    },
    {
      "name": "9-channel",
      "shortName": "9ch",
      "channels": [
        "Intensity",
        "Red",
        "Green",
        "Blue",
        "White",
        "Amber",
        "Strobe",
        "Program Speed",
        "Mode"
      ]
    }
  ],
  "fixtureKey": "silentpar-7x10w-5in1",
  "manufacturerKey": "boomtonedj",
  "oflURL": "https://open-fixture-library.org/boomtonedj/silentpar-7x10w-5in1"
}
