{
  "$schema": "https://raw.githubusercontent.com/OpenLightingProject/open-fixture-library/schema-12.4.0/schemas/fixture.json",
  "name": "BTX-Titan",
  "categories": ["Moving Head", "Color Changer"],
  "meta": {
    "authors": ["Wim Perneel"],
    "createDate": "2020-03-28",
    "lastModifyDate": "2020-03-28",
    "importPlugin": {
      "plugin": "qlcplus_4.12.1",
      "date": "2020-03-28",
      "comment": "created by Q Light Controller Plus (version 4.12.2)"
    }
  },
  "links": {
    "manual": [
      "https://briteq-lighting.com/fileuploader/download/download/?d=0&file=custom%2Fupload%2FFile-1479888588.pdf"
    ],
    "productPage": [
      "https://briteq-lighting.com/btx-titan"
    ]
  },
  "physical": {
    "dimensions": [391, 583, 287],
    "weight": 15,
    "power": 400,
    "DMXconnector": "3-pin and 5-pin",
    "bulb": {
      "type": "HRI 280",
      "colorTemperature": 7800
    },
    "lens": {
      "degreesMinMax": [2.7, 11]
    }
  },
  "wheels": {
    "Color Wheel": {
      "slots": [
        {
          "type": "Open"
        },
        {
          "type": "Color",
          "name": "Deep red",
          "colors": ["#cc0000"]
        },
        {
          "type": "Color",
          "name": "Deep blue",
          "colors": ["#0000cc"]
        },
        {
          "type": "Color",
          "name": "Yellow",
          "colors": ["#ffff00"]
        },
        {
          "type": "Color",
          "name": "Green",
          "colors": ["#00ff00"]
        },
        {
          "type": "Color",
          "name": "Magenta",
          "colors": ["#ff00ff"]
        },
        {
          "type": "Color",
          "name": "Azure",
          "colors": ["#00ffff"]
        },
        {
          "type": "Color",
          "name": "Red",
          "colors": ["#ff0000"]
        },
        {
          "type": "Color",
          "name": "Dark green",
          "colors": ["#00cc00"]
        },
        {
          "type": "Color",
          "name": "Amber",
          "colors": ["#ffaa00"]
        },
        {
          "type": "Color",
          "name": "Blue",
          "colors": ["#0000ff"]
        },
        {
          "type": "Color",
          "name": "Orange",
          "colors": ["#ff6600"]
        },
        {
          "type": "Color",
          "name": "CTO",
          "colors": ["#ffcc99"]
        },
        {
          "type": "Color",
          "name": "UV filter",
          "colors": ["#9900ff"]
        }
      ]
    },
    "Static Gobo Wheel": {
      "slots": [
        {
          "type": "Open"
        },
        {
          "type": "Gobo"
        },
        {
          "type": "Gobo"
        },
        {
          "type": "Gobo"
        },
        {
          "type": "Gobo"
        },
        {
          "type": "Gobo"
        },
        {
          "type": "Gobo"
        },
        {
          "type": "Gobo"
        },
        {
          "type": "Gobo"
        },
        {
          "type": "Gobo"
        },
        {
          "type": "Gobo"
        },
        {
          "type": "Iris"
        },
        {
          "type": "Iris"
        },
        {
          "type": "Iris"
        },
        {
          "type": "Iris"
        }
      ]
    },
    "Rotating Gobo Wheel": {
      "slots": [
        {
          "type": "Open"
        },
        {
          "type": "Gobo"
        },
        {
          "type": "Gobo"
        },
        {
          "type": "Gobo"
        },
        {
          "type": "Gobo"
        },
        {
          "type": "Gobo"
        },
        {
          "type": "Gobo"
        },
        {
          "type": "Gobo"
        },
        {
          "type": "Gobo"
        },
        {
          "type": "Gobo"
        }
      ]
    }
  },
  "availableChannels": {
    "Pan": {
      "fineChannelAliases": ["Pan fine"],
      "defaultValue": 0,
      "capability": {
        "type": "Pan",
        "angleStart": "0deg",
        "angleEnd": "540deg"
      }
    },
    "Tilt": {
      "fineChannelAliases": ["Tilt fine"],
      "defaultValue": 0,
      "capability": {
        "type": "Tilt",
        "angleStart": "0deg",
        "angleEnd": "270deg"
      }
    },
    "Pan/Tilt Speed": {
      "defaultValue": 0,
      "capability": {
        "type": "PanTiltSpeed",
        "speedStart": "fast",
        "speedEnd": "slow"
      }
    },
    "Special Functions": {
      "defaultValue": 0,
      "capabilities": [
        {
          "dmxRange": [0, 9],
          "type": "NoFunction",
          "comment": "Reserved"
        },
        {
          "dmxRange": [10, 14],
          "type": "Maintenance",
          "comment": "DMX input: Wired DMX"
        },
        {
          "dmxRange": [15, 19],
          "type": "Maintenance",
          "comment": "DMX input: Wireless DMX"
        },
        {
          "dmxRange": [20, 24],
          "type": "Maintenance",
          "comment": "Eco mode (Lamp power 230W)"
        },
        {
          "dmxRange": [25, 29],
          "type": "Maintenance",
          "comment": "Standard mode (Lamp power 280W)"
        },
        {
          "dmxRange": [30, 49],
          "type": "NoFunction",
          "comment": "Reserved"
        },
        {
          "dmxRange": [50, 59],
          "type": "Maintenance",
          "comment": "Pan/Tilt speed mode"
        },
        {
          "dmxRange": [60, 69],
          "type": "Maintenance",
          "comment": "Pan/Tilt time mode"
        },
        {
          "dmxRange": [70, 79],
          "type": "Maintenance",
          "comment": "Blackout when pan/tilt moving"
        },
        {
          "dmxRange": [80, 89],
          "type": "Maintenance",
          "comment": "Disabled blackout when pan/tilt moving"
        },
        {
          "dmxRange": [90, 99],
          "type": "Maintenance",
          "comment": "Blackout when colour wheel moving"
        },
        {
          "dmxRange": [100, 109],
          "type": "Maintenance",
          "comment": "Disabled blackout when colour wheel moving"
        },
        {
          "dmxRange": [110, 119],
          "type": "Maintenance",
          "comment": "Blackout when gobo wheel moving"
        },
        {
          "dmxRange": [120, 129],
          "type": "Maintenance",
          "comment": "Disabled blackout when gobo wheel moving"
        },
        {
          "dmxRange": [130, 139],
          "type": "Maintenance",
          "comment": "Lamp On, reset (total reset except pan/tilt reset)"
        },
        {
          "dmxRange": [140, 149],
          "type": "Maintenance",
          "comment": "Pan/Tilt reset"
        },
        {
          "dmxRange": [150, 159],
          "type": "Maintenance",
          "comment": "Colour system reset"
        },
        {
          "dmxRange": [160, 169],
          "type": "Maintenance",
          "comment": "Gobo wheels reset"
        },
        {
          "dmxRange": [170, 179],
          "type": "Maintenance",
          "comment": "Dimmer/shutter"
        },
        {
          "dmxRange": [180, 189],
          "type": "Maintenance",
          "comment": "Zoom/focus/prism reset"
        },
        {
          "dmxRange": [190, 199],
          "type": "NoFunction",
          "comment": "Reserved"
        },
        {
          "dmxRange": [200, 209],
          "type": "Maintenance",
          "comment": "Total reset"
        },
        {
          "dmxRange": [210, 229],
          "type": "NoFunction",
          "comment": "Reserved"
        },
        {
          "dmxRange": [230, 239],
          "type": "Maintenance",
          "comment": "Lamp Off"
        },
        {
          "dmxRange": [240, 255],
          "type": "NoFunction",
          "comment": "Reserved"
        }
      ]
    },
    "Color Wheel": {
      "fineChannelAliases": ["Color Wheel fine"],
      "dmxValueResolution": "8bit",
      "defaultValue": 0,
      "capabilities": [
        {
          "dmxRange": [0, 8],
          "type": "WheelSlot",
          "slotNumber": 1
        },
        {
          "dmxRange": [9, 17],
          "type": "WheelSlot",
          "slotNumber": 2
        },
        {
          "dmxRange": [18, 26],
          "type": "WheelSlot",
          "slotNumber": 3
        },
        {
          "dmxRange": [27, 36],
          "type": "WheelSlot",
          "slotNumber": 4
        },
        {
          "dmxRange": [37, 45],
          "type": "WheelSlot",
          "slotNumber": 5
        },
        {
          "dmxRange": [46, 54],
          "type": "WheelSlot",
          "slotNumber": 6
        },
        {
          "dmxRange": [55, 63],
          "type": "WheelSlot",
          "slotNumber": 7
        },
        {
          "dmxRange": [64, 72],
          "type": "WheelSlot",
          "slotNumber": 8
        },
        {
          "dmxRange": [73, 81],
          "type": "WheelSlot",
          "slotNumber": 9
        },
        {
          "dmxRange": [82, 90],
          "type": "WheelSlot",
          "slotNumber": 10
        },
        {
          "dmxRange": [91, 100],
          "type": "WheelSlot",
          "slotNumber": 11
        },
        {
          "dmxRange": [101, 109],
          "type": "WheelSlot",
          "slotNumber": 12
        },
        {
          "dmxRange": [110, 118],
          "type": "WheelSlot",
          "slotNumber": 13
        },
        {
          "dmxRange": [119, 127],
          "type": "WheelSlot",
          "slotNumber": 14
        },
        {
          "dmxRange": [128, 129],
          "type": "WheelSlot",
          "slotNumber": 1
        },
        {
          "dmxRange": [130, 134],
          "type": "WheelSlot",
          "slotNumberStart": 1,
          "slotNumberEnd": 2
        },
        {
          "dmxRange": [135, 138],
          "type": "WheelSlot",
          "slotNumberStart": 2,
          "slotNumberEnd": 3
        },
        {
          "dmxRange": [139, 143],
          "type": "WheelSlot",
          "slotNumberStart": 3,
          "slotNumberEnd": 4
        },
        {
          "dmxRange": [144, 147],
          "type": "WheelSlot",
          "slotNumberStart": 4,
          "slotNumberEnd": 5
        },
        {
          "dmxRange": [148, 152],
          "type": "WheelSlot",
          "slotNumberStart": 5,
          "slotNumberEnd": 6
        },
        {
          "dmxRange": [153, 157],
          "type": "WheelSlot",
          "slotNumberStart": 6,
          "slotNumberEnd": 7
        },
        {
          "dmxRange": [158, 161],
          "type": "WheelSlot",
          "slotNumberStart": 7,
          "slotNumberEnd": 8
        },
        {
          "dmxRange": [162, 166],
          "type": "WheelSlot",
          "slotNumberStart": 8,
          "slotNumberEnd": 9
        },
        {
          "dmxRange": [167, 171],
          "type": "WheelSlot",
          "slotNumberStart": 9,
          "slotNumberEnd": 10
        },
        {
          "dmxRange": [172, 176],
          "type": "WheelSlot",
          "slotNumberStart": 10,
          "slotNumberEnd": 11
        },
        {
          "dmxRange": [177, 180],
          "type": "WheelSlot",
          "slotNumberStart": 11,
          "slotNumberEnd": 12
        },
        {
          "dmxRange": [181, 185],
          "type": "WheelSlot",
          "slotNumberStart": 12,
          "slotNumberEnd": 13
        },
        {
          "dmxRange": [186, 189],
          "type": "WheelSlot",
          "slotNumberStart": 13,
          "slotNumberEnd": 14
        },
        {
          "dmxRange": [190, 215],
          "type": "WheelRotation",
          "speedStart": "fast CW",
          "speedEnd": "slow CW"
        },
        {
          "dmxRange": [216, 217],
          "type": "WheelRotation",
          "speed": "stop"
        },
        {
          "dmxRange": [218, 243],
          "type": "WheelRotation",
          "speedStart": "slow CCW",
          "speedEnd": "fast CCW"
        },
        {
          "dmxRange": [244, 249],
          "type": "Effect",
          "effectName": "Random color selected by audio control",
          "soundControlled": true
        },
        {
          "dmxRange": [250, 255],
          "type": "Effect",
          "effectName": "Auto random color selection",
          "speedStart": "fast",
          "speedEnd": "slow"
        }
      ]
    },
    "Gobo Selection Speed": {
      "defaultValue": 0,
      "capability": {
        "type": "Speed",
        "speedStart": "fast",
        "speedEnd": "slow"
      }
    },
    "Static Gobo Wheel": {
      "defaultValue": 0,
      "capabilities": [
        {
          "dmxRange": [0, 3],
          "type": "WheelSlot",
          "slotNumber": 1
        },
        {
          "dmxRange": [4, 9],
          "type": "WheelSlot",
          "slotNumber": 2
        },
        {
          "dmxRange": [10, 15],
          "type": "WheelSlot",
          "slotNumber": 3
        },
        {
          "dmxRange": [16, 21],
          "type": "WheelSlot",
          "slotNumber": 4
        },
        {
          "dmxRange": [22, 27],
          "type": "WheelSlot",
          "slotNumber": 5
        },
        {
          "dmxRange": [28, 33],
          "type": "WheelSlot",
          "slotNumber": 6
        },
        {
          "dmxRange": [34, 39],
          "type": "WheelSlot",
          "slotNumber": 7
        },
        {
          "dmxRange": [40, 45],
          "type": "WheelSlot",
          "slotNumber": 8
        },
        {
          "dmxRange": [46, 51],
          "type": "WheelSlot",
          "slotNumber": 9
        },
        {
          "dmxRange": [52, 57],
          "type": "WheelSlot",
          "slotNumber": 10
        },
        {
          "dmxRange": [58, 63],
          "type": "WheelSlot",
          "slotNumber": 11
        },
        {
          "dmxRange": [64, 69],
          "type": "WheelSlot",
          "slotNumber": 12
        },
        {
          "dmxRange": [70, 75],
          "type": "WheelSlot",
          "slotNumber": 13
        },
        {
          "dmxRange": [76, 81],
          "type": "WheelSlot",
          "slotNumber": 14
        },
        {
          "dmxRange": [82, 87],
          "type": "WheelSlot",
          "slotNumber": 15
        },
        {
          "dmxRange": [88, 95],
          "type": "WheelShake",
          "slotNumber": 2,
          "shakeSpeedStart": "slow",
          "shakeSpeedEnd": "fast"
        },
        {
          "dmxRange": [96, 103],
          "type": "WheelShake",
          "slotNumber": 3,
          "shakeSpeedStart": "slow",
          "shakeSpeedEnd": "fast"
        },
        {
          "dmxRange": [104, 111],
          "type": "WheelShake",
          "slotNumber": 4,
          "shakeSpeedStart": "slow",
          "shakeSpeedEnd": "fast"
        },
        {
          "dmxRange": [112, 119],
          "type": "WheelShake",
          "slotNumber": 5,
          "shakeSpeedStart": "slow",
          "shakeSpeedEnd": "fast"
        },
        {
          "dmxRange": [120, 127],
          "type": "WheelShake",
          "slotNumber": 6,
          "shakeSpeedStart": "slow",
          "shakeSpeedEnd": "fast"
        },
        {
          "dmxRange": [128, 135],
          "type": "WheelShake",
          "slotNumber": 7,
          "shakeSpeedStart": "slow",
          "shakeSpeedEnd": "fast"
        },
        {
          "dmxRange": [136, 143],
          "type": "WheelShake",
          "slotNumber": 8,
          "shakeSpeedStart": "slow",
          "shakeSpeedEnd": "fast"
        },
        {
          "dmxRange": [144, 151],
          "type": "WheelShake",
          "slotNumber": 9,
          "shakeSpeedStart": "slow",
          "shakeSpeedEnd": "fast"
        },
        {
          "dmxRange": [152, 159],
          "type": "WheelShake",
          "slotNumber": 10,
          "shakeSpeedStart": "slow",
          "shakeSpeedEnd": "fast"
        },
        {
          "dmxRange": [160, 167],
          "type": "WheelShake",
          "slotNumber": 11,
          "shakeSpeedStart": "slow",
          "shakeSpeedEnd": "fast"
        },
        {
          "dmxRange": [168, 175],
          "type": "WheelShake",
          "slotNumber": 12,
          "shakeSpeedStart": "slow",
          "shakeSpeedEnd": "fast"
        },
        {
          "dmxRange": [176, 183],
          "type": "WheelShake",
          "slotNumber": 13,
          "shakeSpeedStart": "slow",
          "shakeSpeedEnd": "fast"
        },
        {
          "dmxRange": [184, 191],
          "type": "WheelShake",
          "slotNumber": 14,
          "shakeSpeedStart": "slow",
          "shakeSpeedEnd": "fast"
        },
        {
          "dmxRange": [192, 199],
          "type": "WheelShake",
          "slotNumber": 15,
          "shakeSpeedStart": "slow",
          "shakeSpeedEnd": "fast"
        },
        {
          "dmxRange": [200, 201],
          "type": "WheelSlot",
          "slotNumber": 1
        },
        {
          "dmxRange": [202, 221],
          "type": "WheelRotation",
          "speedStart": "fast CW",
          "speedEnd": "slow CW"
        },
        {
          "dmxRange": [222, 223],
          "type": "WheelRotation",
          "speed": "stop"
        },
        {
          "dmxRange": [224, 243],
          "type": "WheelRotation",
          "speedStart": "slow CCW",
          "speedEnd": "fast CCW"
        },
        {
          "dmxRange": [244, 249],
          "type": "Effect",
          "effectName": "Random gobo selected by audio control",
          "soundControlled": true
        },
        {
          "dmxRange": [250, 255],
          "type": "Effect",
          "effectName": "Auto random gobo selection",
          "speedStart": "fast",
          "speedEnd": "slow"
        }
      ]
    },
    "Rotating Gobo Wheel": {
      "defaultValue": 0,
      "capabilities": [
        {
          "dmxRange": [0, 0],
          "type": "NoFunction",
          "switchChannels": {
            "Gobo Rotation": "Gobo Rotation Speed",
            "Gobo Rotation fine": "Gobo Rotation Speed fine"
          }
        },
        {
          "dmxRange": [1, 4],
          "type": "WheelSlot",
          "slotNumber": 1,
          "switchChannels": {
            "Gobo Rotation": "Gobo Rotation Speed",
            "Gobo Rotation fine": "Gobo Rotation Speed fine"
          }
        },
        {
          "dmxRange": [5, 7],
          "type": "WheelSlot",
          "slotNumber": 2,
          "comment": "indexing",
          "switchChannels": {
            "Gobo Rotation": "Gobo Rotation Angle",
            "Gobo Rotation fine": "Gobo Rotation Angle fine"
          }
        },
        {
          "dmxRange": [8, 10],
          "type": "WheelSlot",
          "slotNumber": 3,
          "comment": "indexing",
          "switchChannels": {
            "Gobo Rotation": "Gobo Rotation Angle",
            "Gobo Rotation fine": "Gobo Rotation Angle fine"
          }
        },
        {
          "dmxRange": [11, 13],
          "type": "WheelSlot",
          "slotNumber": 4,
          "comment": "indexing",
          "switchChannels": {
            "Gobo Rotation": "Gobo Rotation Angle",
            "Gobo Rotation fine": "Gobo Rotation Angle fine"
          }
        },
        {
          "dmxRange": [14, 16],
          "type": "WheelSlot",
          "slotNumber": 5,
          "comment": "indexing",
          "switchChannels": {
            "Gobo Rotation": "Gobo Rotation Angle",
            "Gobo Rotation fine": "Gobo Rotation Angle fine"
          }
        },
        {
          "dmxRange": [17, 19],
          "type": "WheelSlot",
          "slotNumber": 6,
          "comment": "indexing",
          "switchChannels": {
            "Gobo Rotation": "Gobo Rotation Angle",
            "Gobo Rotation fine": "Gobo Rotation Angle fine"
          }
        },
        {
          "dmxRange": [20, 22],
          "type": "WheelSlot",
          "slotNumber": 7,
          "comment": "indexing",
          "switchChannels": {
            "Gobo Rotation": "Gobo Rotation Angle",
            "Gobo Rotation fine": "Gobo Rotation Angle fine"
          }
        },
        {
          "dmxRange": [23, 25],
          "type": "WheelSlot",
          "slotNumber": 8,
          "comment": "indexing",
          "switchChannels": {
            "Gobo Rotation": "Gobo Rotation Angle",
            "Gobo Rotation fine": "Gobo Rotation Angle fine"
          }
        },
        {
          "dmxRange": [26, 28],
          "type": "WheelSlot",
          "slotNumber": 9,
          "comment": "indexing",
          "switchChannels": {
            "Gobo Rotation": "Gobo Rotation Angle",
            "Gobo Rotation fine": "Gobo Rotation Angle fine"
          }
        },
        {
          "dmxRange": [29, 31],
          "type": "WheelSlot",
          "slotNumber": 10,
          "comment": "indexing",
          "switchChannels": {
            "Gobo Rotation": "Gobo Rotation Angle",
            "Gobo Rotation fine": "Gobo Rotation Angle fine"
          }
        },
        {
          "dmxRange": [32, 34],
          "type": "WheelSlot",
          "slotNumber": 2,
          "comment": "rotating",
          "switchChannels": {
            "Gobo Rotation": "Gobo Rotation Speed",
            "Gobo Rotation fine": "Gobo Rotation Speed fine"
          }
        },
        {
          "dmxRange": [35, 37],
          "type": "WheelSlot",
          "slotNumber": 3,
          "comment": "rotating",
          "switchChannels": {
            "Gobo Rotation": "Gobo Rotation Speed",
            "Gobo Rotation fine": "Gobo Rotation Speed fine"
          }
        },
        {
          "dmxRange": [38, 40],
          "type": "WheelSlot",
          "slotNumber": 4,
          "comment": "rotating",
          "switchChannels": {
            "Gobo Rotation": "Gobo Rotation Speed",
            "Gobo Rotation fine": "Gobo Rotation Speed fine"
          }
        },
        {
          "dmxRange": [41, 43],
          "type": "WheelSlot",
          "slotNumber": 5,
          "comment": "rotating",
          "switchChannels": {
            "Gobo Rotation": "Gobo Rotation Speed",
            "Gobo Rotation fine": "Gobo Rotation Speed fine"
          }
        },
        {
          "dmxRange": [44, 46],
          "type": "WheelSlot",
          "slotNumber": 6,
          "comment": "rotating",
          "switchChannels": {
            "Gobo Rotation": "Gobo Rotation Speed",
            "Gobo Rotation fine": "Gobo Rotation Speed fine"
          }
        },
        {
          "dmxRange": [47, 49],
          "type": "WheelSlot",
          "slotNumber": 7,
          "comment": "rotating",
          "switchChannels": {
            "Gobo Rotation": "Gobo Rotation Speed",
            "Gobo Rotation fine": "Gobo Rotation Speed fine"
          }
        },
        {
          "dmxRange": [50, 52],
          "type": "WheelSlot",
          "slotNumber": 8,
          "comment": "rotating",
          "switchChannels": {
            "Gobo Rotation": "Gobo Rotation Speed",
            "Gobo Rotation fine": "Gobo Rotation Speed fine"
          }
        },
        {
          "dmxRange": [53, 55],
          "type": "WheelSlot",
          "slotNumber": 9,
          "comment": "rotating",
          "switchChannels": {
            "Gobo Rotation": "Gobo Rotation Speed",
            "Gobo Rotation fine": "Gobo Rotation Speed fine"
          }
        },
        {
          "dmxRange": [56, 59],
          "type": "WheelSlot",
          "slotNumber": 10,
          "comment": "rotating",
          "switchChannels": {
            "Gobo Rotation": "Gobo Rotation Speed",
            "Gobo Rotation fine": "Gobo Rotation Speed fine"
          }
        },
        {
          "dmxRange": [60, 67],
          "type": "WheelShake",
          "slotNumber": 2,
          "shakeSpeedStart": "slow",
          "shakeSpeedEnd": "fast",
          "comment": "indexing",
          "switchChannels": {
            "Gobo Rotation": "Gobo Rotation Angle",
            "Gobo Rotation fine": "Gobo Rotation Angle fine"
          }
        },
        {
          "dmxRange": [68, 75],
          "type": "WheelShake",
          "slotNumber": 3,
          "shakeSpeedStart": "slow",
          "shakeSpeedEnd": "fast",
          "comment": "indexing",
          "switchChannels": {
            "Gobo Rotation": "Gobo Rotation Angle",
            "Gobo Rotation fine": "Gobo Rotation Angle fine"
          }
        },
        {
          "dmxRange": [76, 83],
          "type": "WheelShake",
          "slotNumber": 4,
          "shakeSpeedStart": "slow",
          "shakeSpeedEnd": "fast",
          "comment": "indexing",
          "switchChannels": {
            "Gobo Rotation": "Gobo Rotation Angle",
            "Gobo Rotation fine": "Gobo Rotation Angle fine"
          }
        },
        {
          "dmxRange": [84, 91],
          "type": "WheelShake",
          "slotNumber": 5,
          "shakeSpeedStart": "slow",
          "shakeSpeedEnd": "fast",
          "comment": "indexing",
          "switchChannels": {
            "Gobo Rotation": "Gobo Rotation Angle",
            "Gobo Rotation fine": "Gobo Rotation Angle fine"
          }
        },
        {
          "dmxRange": [92, 99],
          "type": "WheelShake",
          "slotNumber": 6,
          "shakeSpeedStart": "slow",
          "shakeSpeedEnd": "fast",
          "comment": "indexing",
          "switchChannels": {
            "Gobo Rotation": "Gobo Rotation Angle",
            "Gobo Rotation fine": "Gobo Rotation Angle fine"
          }
        },
        {
          "dmxRange": [100, 107],
          "type": "WheelShake",
          "slotNumber": 7,
          "shakeSpeedStart": "slow",
          "shakeSpeedEnd": "fast",
          "comment": "indexing",
          "switchChannels": {
            "Gobo Rotation": "Gobo Rotation Angle",
            "Gobo Rotation fine": "Gobo Rotation Angle fine"
          }
        },
        {
          "dmxRange": [108, 115],
          "type": "WheelShake",
          "slotNumber": 8,
          "shakeSpeedStart": "slow",
          "shakeSpeedEnd": "fast",
          "comment": "indexing",
          "switchChannels": {
            "Gobo Rotation": "Gobo Rotation Angle",
            "Gobo Rotation fine": "Gobo Rotation Angle fine"
          }
        },
        {
          "dmxRange": [116, 123],
          "type": "WheelShake",
          "slotNumber": 9,
          "shakeSpeedStart": "slow",
          "shakeSpeedEnd": "fast",
          "comment": "indexing",
          "switchChannels": {
            "Gobo Rotation": "Gobo Rotation Angle",
            "Gobo Rotation fine": "Gobo Rotation Angle fine"
          }
        },
        {
          "dmxRange": [124, 129],
          "type": "WheelShake",
          "slotNumber": 10,
          "shakeSpeedStart": "slow",
          "shakeSpeedEnd": "fast",
          "comment": "indexing",
          "switchChannels": {
            "Gobo Rotation": "Gobo Rotation Angle",
            "Gobo Rotation fine": "Gobo Rotation Angle fine"
          }
        },
        {
          "dmxRange": [130, 137],
          "type": "WheelShake",
          "slotNumber": 2,
          "shakeSpeedStart": "slow",
          "shakeSpeedEnd": "fast",
          "comment": "rotating",
          "switchChannels": {
            "Gobo Rotation": "Gobo Rotation Speed",
            "Gobo Rotation fine": "Gobo Rotation Speed fine"
          }
        },
        {
          "dmxRange": [138, 145],
          "type": "WheelShake",
          "slotNumber": 3,
          "shakeSpeedStart": "slow",
          "shakeSpeedEnd": "fast",
          "comment": "rotating",
          "switchChannels": {
            "Gobo Rotation": "Gobo Rotation Speed",
            "Gobo Rotation fine": "Gobo Rotation Speed fine"
          }
        },
        {
          "dmxRange": [146, 153],
          "type": "WheelShake",
          "slotNumber": 4,
          "shakeSpeedStart": "slow",
          "shakeSpeedEnd": "fast",
          "comment": "rotating",
          "switchChannels": {
            "Gobo Rotation": "Gobo Rotation Speed",
            "Gobo Rotation fine": "Gobo Rotation Speed fine"
          }
        },
        {
          "dmxRange": [154, 161],
          "type": "WheelShake",
          "slotNumber": 5,
          "shakeSpeedStart": "slow",
          "shakeSpeedEnd": "fast",
          "comment": "rotating",
          "switchChannels": {
            "Gobo Rotation": "Gobo Rotation Speed",
            "Gobo Rotation fine": "Gobo Rotation Speed fine"
          }
        },
        {
          "dmxRange": [162, 169],
          "type": "WheelShake",
          "slotNumber": 6,
          "shakeSpeedStart": "slow",
          "shakeSpeedEnd": "fast",
          "comment": "rotating",
          "switchChannels": {
            "Gobo Rotation": "Gobo Rotation Speed",
            "Gobo Rotation fine": "Gobo Rotation Speed fine"
          }
        },
        {
          "dmxRange": [170, 177],
          "type": "WheelShake",
          "slotNumber": 7,
          "shakeSpeedStart": "slow",
          "shakeSpeedEnd": "fast",
          "comment": "rotating",
          "switchChannels": {
            "Gobo Rotation": "Gobo Rotation Speed",
            "Gobo Rotation fine": "Gobo Rotation Speed fine"
          }
        },
        {
          "dmxRange": [178, 185],
          "type": "WheelShake",
          "slotNumber": 8,
          "shakeSpeedStart": "slow",
          "shakeSpeedEnd": "fast",
          "comment": "rotating",
          "switchChannels": {
            "Gobo Rotation": "Gobo Rotation Speed",
            "Gobo Rotation fine": "Gobo Rotation Speed fine"
          }
        },
        {
          "dmxRange": [186, 193],
          "type": "WheelShake",
          "slotNumber": 9,
          "shakeSpeedStart": "slow",
          "shakeSpeedEnd": "fast",
          "comment": "rotating",
          "switchChannels": {
            "Gobo Rotation": "Gobo Rotation Speed",
            "Gobo Rotation fine": "Gobo Rotation Speed fine"
          }
        },
        {
          "dmxRange": [194, 199],
          "type": "WheelShake",
          "slotNumber": 10,
          "shakeSpeedStart": "slow",
          "shakeSpeedEnd": "fast",
          "comment": "rotating",
          "switchChannels": {
            "Gobo Rotation": "Gobo Rotation Speed",
            "Gobo Rotation fine": "Gobo Rotation Speed fine"
          }
        },
        {
          "dmxRange": [200, 201],
          "type": "WheelSlot",
          "slotNumber": 1,
          "switchChannels": {
            "Gobo Rotation": "Gobo Rotation Speed",
            "Gobo Rotation fine": "Gobo Rotation Speed fine"
          }
        },
        {
          "dmxRange": [202, 221],
          "type": "WheelRotation",
          "speedStart": "fast CW",
          "speedEnd": "slow CW",
          "switchChannels": {
            "Gobo Rotation": "Gobo Rotation Speed",
            "Gobo Rotation fine": "Gobo Rotation Speed fine"
          }
        },
        {
          "dmxRange": [222, 223],
          "type": "WheelRotation",
          "speed": "stop",
          "switchChannels": {
            "Gobo Rotation": "Gobo Rotation Speed",
            "Gobo Rotation fine": "Gobo Rotation Speed fine"
          }
        },
        {
          "dmxRange": [224, 243],
          "type": "WheelRotation",
          "speedStart": "slow CCW",
          "speedEnd": "fast CCW",
          "switchChannels": {
            "Gobo Rotation": "Gobo Rotation Speed",
            "Gobo Rotation fine": "Gobo Rotation Speed fine"
          }
        },
        {
          "dmxRange": [244, 249],
          "type": "Effect",
          "effectName": "Random gobo selected by audio control",
          "soundControlled": true,
          "switchChannels": {
            "Gobo Rotation": "Gobo Rotation Speed",
            "Gobo Rotation fine": "Gobo Rotation Speed fine"
          }
        },
        {
          "dmxRange": [250, 255],
          "type": "Effect",
          "effectName": "Auto random gobo selection",
          "speedStart": "fast",
          "speedEnd": "slow",
          "switchChannels": {
            "Gobo Rotation": "Gobo Rotation Speed",
            "Gobo Rotation fine": "Gobo Rotation Speed fine"
          }
        }
      ]
    },
    "Gobo Rotation Angle": {
      "fineChannelAliases": ["Gobo Rotation Angle fine"],
      "capability": {
        "type": "WheelSlotRotation",
        "wheel": "Rotating Gobo Wheel",
        "angleStart": "0deg",
        "angleEnd": "360deg"
      }
    },
    "Gobo Rotation Speed": {
      "fineChannelAliases": ["Gobo Rotation Speed fine"],
      "dmxValueResolution": "8bit",
      "defaultValue": 0,
      "capabilities": [
        {
          "dmxRange": [0, 0],
          "type": "WheelSlotRotation",
          "wheel": "Rotating Gobo Wheel",
          "speed": "stop"
        },
        {
          "dmxRange": [1, 127],
          "type": "WheelSlotRotation",
          "wheel": "Rotating Gobo Wheel",
          "speedStart": "fast CW",
          "speedEnd": "slow CW"
        },
        {
          "dmxRange": [128, 129],
          "type": "WheelSlotRotation",
          "wheel": "Rotating Gobo Wheel",
          "speed": "stop"
        },
        {
          "dmxRange": [130, 255],
          "type": "WheelSlotRotation",
          "wheel": "Rotating Gobo Wheel",
          "speedStart": "slow CCW",
          "speedEnd": "fast CCW"
        }
      ]
    },
    "Prism": {
      "defaultValue": 0,
      "capabilities": [
        {
          "dmxRange": [0, 19],
          "type": "NoFunction",
          "switchChannels": {
            "6-Facet Prism Rotation": "6-Facet Prism Rotation Speed",
            "8-Facet Prism Rotation": "8-Facet Prism Rotation Speed",
            "Prism Rotation": "Prism Rotation Speed"
          }
        },
        {
          "dmxRange": [20, 39],
          "type": "Prism",
          "comment": "6-facet linear, indexing",
          "switchChannels": {
            "6-Facet Prism Rotation": "6-Facet Prism Rotation Angle",
            "8-Facet Prism Rotation": "8-Facet Prism Rotation Angle",
            "Prism Rotation": "Prism Rotation Angle"
          }
        },
        {
          "dmxRange": [40, 49],
          "type": "Prism",
          "comment": "6-facet linear, rotating",
          "switchChannels": {
            "6-Facet Prism Rotation": "6-Facet Prism Rotation Speed",
            "8-Facet Prism Rotation": "8-Facet Prism Rotation Speed",
            "Prism Rotation": "Prism Rotation Speed"
          }
        },
        {
          "dmxRange": [50, 59],
          "type": "Prism",
          "comment": "8-facet circular, indexing",
          "switchChannels": {
            "6-Facet Prism Rotation": "6-Facet Prism Rotation Angle",
            "8-Facet Prism Rotation": "8-Facet Prism Rotation Angle",
            "Prism Rotation": "Prism Rotation Angle"
          }
        },
        {
          "dmxRange": [60, 69],
          "type": "Prism",
          "comment": "8-facet circular, rotating",
          "switchChannels": {
            "6-Facet Prism Rotation": "6-Facet Prism Rotation Speed",
            "8-Facet Prism Rotation": "8-Facet Prism Rotation Speed",
            "Prism Rotation": "Prism Rotation Speed"
          }
        },
        {
          "dmxRange": [70, 79],
          "type": "Prism",
          "comment": "6-facet and 8-facet, indexing",
          "switchChannels": {
            "6-Facet Prism Rotation": "6-Facet Prism Rotation Angle",
            "8-Facet Prism Rotation": "8-Facet Prism Rotation Angle",
            "Prism Rotation": "Prism Rotation Angle"
          }
        },
        {
          "dmxRange": [80, 89],
          "type": "Prism",
          "comment": "6-facet and 8-facet, rotating",
          "switchChannels": {
            "6-Facet Prism Rotation": "6-Facet Prism Rotation Speed",
            "8-Facet Prism Rotation": "8-Facet Prism Rotation Speed",
            "Prism Rotation": "Prism Rotation Speed"
          }
        },
        {
          "dmxRange": [90, 108],
          "type": "Prism",
          "comment": "6-facet indexing, 8-facet rotating",
          "helpWanted": "How does channel 15 'Prism Rotation' in 24ch mode behave here?",
          "switchChannels": {
            "6-Facet Prism Rotation": "6-Facet Prism Rotation Angle",
            "8-Facet Prism Rotation": "8-Facet Prism Rotation Speed",
            "Prism Rotation": "Prism Rotation Angle"
          }
        },
        {
          "dmxRange": [109, 127],
          "type": "Prism",
          "comment": "6-facet rotating, 8-facet indexing",
          "helpWanted": "How does channel 15 'Prism Rotation' in 24ch mode behave here?",
          "switchChannels": {
            "6-Facet Prism Rotation": "6-Facet Prism Rotation Speed",
            "8-Facet Prism Rotation": "8-Facet Prism Rotation Angle",
            "Prism Rotation": "Prism Rotation Speed"
          }
        },
        {
          "dmxRange": [128, 135],
          "type": "Effect",
          "effectName": "Prism Macro 1",
          "switchChannels": {
            "6-Facet Prism Rotation": "6-Facet Prism Rotation Speed",
            "8-Facet Prism Rotation": "8-Facet Prism Rotation Speed",
            "Prism Rotation": "Prism Rotation Speed"
          }
        },
        {
          "dmxRange": [136, 143],
          "type": "Effect",
          "effectName": "Prism Macro 2",
          "switchChannels": {
            "6-Facet Prism Rotation": "6-Facet Prism Rotation Speed",
            "8-Facet Prism Rotation": "8-Facet Prism Rotation Speed",
            "Prism Rotation": "Prism Rotation Speed"
          }
        },
        {
          "dmxRange": [144, 151],
          "type": "Effect",
          "effectName": "Prism Macro 3",
          "switchChannels": {
            "6-Facet Prism Rotation": "6-Facet Prism Rotation Speed",
            "8-Facet Prism Rotation": "8-Facet Prism Rotation Speed",
            "Prism Rotation": "Prism Rotation Speed"
          }
        },
        {
          "dmxRange": [152, 159],
          "type": "Effect",
          "effectName": "Prism Macro 4",
          "switchChannels": {
            "6-Facet Prism Rotation": "6-Facet Prism Rotation Speed",
            "8-Facet Prism Rotation": "8-Facet Prism Rotation Speed",
            "Prism Rotation": "Prism Rotation Speed"
          }
        },
        {
          "dmxRange": [160, 167],
          "type": "Effect",
          "effectName": "Prism Macro 5",
          "switchChannels": {
            "6-Facet Prism Rotation": "6-Facet Prism Rotation Speed",
            "8-Facet Prism Rotation": "8-Facet Prism Rotation Speed",
            "Prism Rotation": "Prism Rotation Speed"
          }
        },
        {
          "dmxRange": [168, 175],
          "type": "Effect",
          "effectName": "Prism Macro 6",
          "switchChannels": {
            "6-Facet Prism Rotation": "6-Facet Prism Rotation Speed",
            "8-Facet Prism Rotation": "8-Facet Prism Rotation Speed",
            "Prism Rotation": "Prism Rotation Speed"
          }
        },
        {
          "dmxRange": [176, 183],
          "type": "Effect",
          "effectName": "Prism Macro 7",
          "switchChannels": {
            "6-Facet Prism Rotation": "6-Facet Prism Rotation Speed",
            "8-Facet Prism Rotation": "8-Facet Prism Rotation Speed",
            "Prism Rotation": "Prism Rotation Speed"
          }
        },
        {
          "dmxRange": [184, 191],
          "type": "Effect",
          "effectName": "Prism Macro 8",
          "switchChannels": {
            "6-Facet Prism Rotation": "6-Facet Prism Rotation Speed",
            "8-Facet Prism Rotation": "8-Facet Prism Rotation Speed",
            "Prism Rotation": "Prism Rotation Speed"
          }
        },
        {
          "dmxRange": [192, 199],
          "type": "Effect",
          "effectName": "Prism Macro 9",
          "switchChannels": {
            "6-Facet Prism Rotation": "6-Facet Prism Rotation Speed",
            "8-Facet Prism Rotation": "8-Facet Prism Rotation Speed",
            "Prism Rotation": "Prism Rotation Speed"
          }
        },
        {
          "dmxRange": [200, 207],
          "type": "Effect",
          "effectName": "Prism Macro 10",
          "switchChannels": {
            "6-Facet Prism Rotation": "6-Facet Prism Rotation Speed",
            "8-Facet Prism Rotation": "8-Facet Prism Rotation Speed",
            "Prism Rotation": "Prism Rotation Speed"
          }
        },
        {
          "dmxRange": [208, 215],
          "type": "Effect",
          "effectName": "Prism Macro 11",
          "switchChannels": {
            "6-Facet Prism Rotation": "6-Facet Prism Rotation Speed",
            "8-Facet Prism Rotation": "8-Facet Prism Rotation Speed",
            "Prism Rotation": "Prism Rotation Speed"
          }
        },
        {
          "dmxRange": [216, 223],
          "type": "Effect",
          "effectName": "Prism Macro 12",
          "switchChannels": {
            "6-Facet Prism Rotation": "6-Facet Prism Rotation Speed",
            "8-Facet Prism Rotation": "8-Facet Prism Rotation Speed",
            "Prism Rotation": "Prism Rotation Speed"
          }
        },
        {
          "dmxRange": [224, 231],
          "type": "Effect",
          "effectName": "Prism Macro 13",
          "switchChannels": {
            "6-Facet Prism Rotation": "6-Facet Prism Rotation Speed",
            "8-Facet Prism Rotation": "8-Facet Prism Rotation Speed",
            "Prism Rotation": "Prism Rotation Speed"
          }
        },
        {
          "dmxRange": [232, 239],
          "type": "Effect",
          "effectName": "Prism Macro 14",
          "switchChannels": {
            "6-Facet Prism Rotation": "6-Facet Prism Rotation Speed",
            "8-Facet Prism Rotation": "8-Facet Prism Rotation Speed",
            "Prism Rotation": "Prism Rotation Speed"
          }
        },
        {
          "dmxRange": [240, 247],
          "type": "Effect",
          "effectName": "Prism Macro 15",
          "switchChannels": {
            "6-Facet Prism Rotation": "6-Facet Prism Rotation Speed",
            "8-Facet Prism Rotation": "8-Facet Prism Rotation Speed",
            "Prism Rotation": "Prism Rotation Speed"
          }
        },
        {
          "dmxRange": [248, 255],
          "type": "Effect",
          "effectName": "Prism Macro 16",
          "switchChannels": {
            "6-Facet Prism Rotation": "6-Facet Prism Rotation Speed",
            "8-Facet Prism Rotation": "8-Facet Prism Rotation Speed",
            "Prism Rotation": "Prism Rotation Speed"
          }
        }
      ]
    },
    "6-Facet Prism Rotation Angle": {
      "capability": {
        "type": "PrismRotation",
        "angleStart": "0deg",
        "angleEnd": "360deg"
      }
    },
    "6-Facet Prism Rotation Speed": {
      "defaultValue": 0,
      "capabilities": [
        {
          "dmxRange": [0, 0],
          "type": "PrismRotation",
          "speed": "stop"
        },
        {
          "dmxRange": [1, 127],
          "type": "PrismRotation",
          "speedStart": "fast CW",
          "speedEnd": "slow CW"
        },
        {
          "dmxRange": [128, 129],
          "type": "PrismRotation",
          "speed": "stop"
        },
        {
          "dmxRange": [130, 255],
          "type": "PrismRotation",
          "speedStart": "slow CCW",
          "speedEnd": "fast CCW"
        }
      ]
    },
    "8-Facet Prism Rotation Angle": {
      "capability": {
        "type": "PrismRotation",
        "angleStart": "0deg",
        "angleEnd": "360deg"
      }
    },
    "8-Facet Prism Rotation Speed": {
      "defaultValue": 0,
      "capabilities": [
        {
          "dmxRange": [0, 0],
          "type": "PrismRotation",
          "speed": "stop"
        },
        {
          "dmxRange": [1, 127],
          "type": "PrismRotation",
          "speedStart": "fast CW",
          "speedEnd": "slow CW"
        },
        {
          "dmxRange": [128, 129],
          "type": "PrismRotation",
          "speed": "stop"
        },
        {
          "dmxRange": [130, 255],
          "type": "PrismRotation",
          "speedStart": "slow CCW",
          "speedEnd": "fast CCW"
        }
      ]
    },
    "Prism Rotation Angle": {
      "capability": {
        "type": "PrismRotation",
        "angleStart": "0deg",
        "angleEnd": "360deg"
      }
    },
    "Prism Rotation Speed": {
      "defaultValue": 0,
      "capabilities": [
        {
          "dmxRange": [0, 0],
          "type": "PrismRotation",
          "speed": "stop"
        },
        {
          "dmxRange": [1, 127],
          "type": "PrismRotation",
          "speedStart": "fast CW",
          "speedEnd": "slow CW"
        },
        {
          "dmxRange": [128, 129],
          "type": "PrismRotation",
          "speed": "stop"
        },
        {
          "dmxRange": [130, 255],
          "type": "PrismRotation",
          "speedStart": "slow CCW",
          "speedEnd": "fast CCW"
        }
      ]
    },
    "Frost": {
      "defaultValue": 0,
      "capability": {
        "type": "Frost",
        "frostIntensityStart": "0%",
        "frostIntensityEnd": "100%"
      }
    },
    "Zoom": {
      "fineChannelAliases": ["Zoom fine"],
      "capability": {
        "type": "Zoom",
        "angleStart": "11deg",
        "angleEnd": "2.7deg"
      }
    },
    "Focus": {
      "fineChannelAliases": ["Focus fine"],
      "capability": {
        "type": "Focus",
        "distanceStart": "far",
        "distanceEnd": "near"
      }
    },
    "Autofocus": {
      "defaultValue": 0,
      "capabilities": [
        {
          "dmxRange": [0, 0],
          "type": "NoFunction",
          "comment": "Autofocus off"
        },
        {
          "dmxRange": [1, 7],
          "type": "Focus",
          "distance": "10m",
          "comment": "rotating gobos"
        },
        {
          "dmxRange": [8, 15],
          "type": "Focus",
          "distance": "15m",
          "comment": "rotating gobos"
        },
        {
          "dmxRange": [16, 23],
          "type": "Focus",
          "distance": "20m",
          "comment": "rotating gobos"
        },
        {
          "dmxRange": [24, 31],
          "type": "Focus",
          "distance": "25m",
          "comment": "rotating gobos"
        },
        {
          "dmxRange": [32, 39],
          "type": "Focus",
          "distance": "30m",
          "comment": "rotating gobos"
        },
        {
          "dmxRange": [40, 47],
          "type": "Focus",
          "distance": "35m",
          "comment": "rotating gobos"
        },
        {
          "dmxRange": [48, 55],
          "type": "Focus",
          "distance": "40m",
          "comment": "rotating gobos"
        },
        {
          "dmxRange": [56, 63],
          "type": "Focus",
          "distance": "45m",
          "comment": "rotating gobos"
        },
        {
          "dmxRange": [64, 71],
          "type": "Focus",
          "distance": "10m",
          "comment": "static gobos"
        },
        {
          "dmxRange": [72, 79],
          "type": "Focus",
          "distance": "15m",
          "comment": "static gobos"
        },
        {
          "dmxRange": [80, 87],
          "type": "Focus",
          "distance": "20m",
          "comment": "static gobos"
        },
        {
          "dmxRange": [88, 95],
          "type": "Focus",
          "distance": "25m",
          "comment": "static gobos"
        },
        {
          "dmxRange": [96, 103],
          "type": "Focus",
          "distance": "30m",
          "comment": "static gobos"
        },
        {
          "dmxRange": [104, 111],
          "type": "Focus",
          "distance": "35m",
          "comment": "static gobos"
        },
        {
          "dmxRange": [112, 119],
          "type": "Focus",
          "distance": "40m",
          "comment": "static gobos"
        },
        {
          "dmxRange": [120, 126],
          "type": "Focus",
          "distance": "45m",
          "comment": "static gobos"
        },
        {
          "dmxRange": [127, 127],
          "type": "Focus",
          "distance": "far",
          "comment": "Infinity"
        },
        {
          "dmxRange": [128, 255],
          "type": "NoFunction",
          "comment": "Reserved"
        }
      ]
    },
    "Shutter / Strobe": {
      "defaultValue": 0,
      "capabilities": [
        {
          "dmxRange": [0, 31],
          "type": "ShutterStrobe",
          "shutterEffect": "Closed",
          "comment": "Lamp power reduced to 230W"
        },
        {
          "dmxRange": [32, 63],
          "type": "ShutterStrobe",
          "shutterEffect": "Open"
        },
        {
          "dmxRange": [64, 95],
          "type": "ShutterStrobe",
          "shutterEffect": "Strobe",
          "speedStart": "slow",
          "speedEnd": "fast"
        },
        {
          "dmxRange": [96, 127],
          "type": "ShutterStrobe",
          "shutterEffect": "Open"
        },
        {
          "dmxRange": [128, 143],
          "type": "ShutterStrobe",
          "shutterEffect": "RampUp",
          "speedStart": "slow",
          "speedEnd": "fast"
        },
        {
          "dmxRange": [144, 159],
          "type": "ShutterStrobe",
          "shutterEffect": "RampDown",
          "speedStart": "fast",
          "speedEnd": "slow"
        },
        {
          "dmxRange": [160, 191],
          "type": "ShutterStrobe",
          "shutterEffect": "Open"
        },
        {
          "dmxRange": [192, 223],
          "type": "ShutterStrobe",
          "shutterEffect": "Strobe",
          "randomTiming": true,
          "speedStart": "slow",
          "speedEnd": "fast"
        },
        {
          "dmxRange": [224, 255],
          "type": "ShutterStrobe",
          "shutterEffect": "Open"
        }
      ]
    },
    "Dimmer": {
      "fineChannelAliases": ["Dimmer fine"],
      "defaultValue": 0,
      "capability": {
        "type": "Intensity"
      }
    }
  },
  "modes": [
    {
      "name": "24-channel",
      "shortName": "24ch",
      "channels": [
        "Pan",
        "Pan fine",
        "Tilt",
        "Tilt fine",
        "Pan/Tilt Speed",
        "Special Functions",
        "Color Wheel",
        "Color Wheel fine",
        "Gobo Selection Speed",
        "Static Gobo Wheel",
        "Rotating Gobo Wheel",
        "Gobo Rotation",
        "Gobo Rotation fine",
        "Prism",
        "Prism Rotation",
        "Frost",
        "Zoom",
        "Zoom fine",
        "Focus",
        "Focus fine",
        "Autofocus",
        "Shutter / Strobe",
        "Dimmer",
        "Dimmer fine"
      ]
    },
    {
      "name": "25-channel",
      "shortName": "25ch",
      "channels": [
        "Pan",
        "Pan fine",
        "Tilt",
        "Tilt fine",
        "Pan/Tilt Speed",
        "Special Functions",
        "Color Wheel",
        "Color Wheel fine",
        "Gobo Selection Speed",
        "Static Gobo Wheel",
        "Rotating Gobo Wheel",
        "Gobo Rotation",
        "Gobo Rotation fine",
        "Prism",
        "6-Facet Prism Rotation",
        "8-Facet Prism Rotation",
        "Frost",
        "Zoom",
        "Zoom fine",
        "Focus",
        "Focus fine",
        "Autofocus",
        "Shutter / Strobe",
        "Dimmer",
        "Dimmer fine"
      ]
    },
    {
      "name": "17-channel",
      "shortName": "17ch",
      "channels": [
        "Pan",
        "Tilt",
        "Pan/Tilt Speed",
        "Special Functions",
        "Color Wheel",
        "Gobo Selection Speed",
        "Static Gobo Wheel",
        "Rotating Gobo Wheel",
        "Gobo Rotation",
        "Prism",
        "6-Facet Prism Rotation",
        "8-Facet Prism Rotation",
        "Frost",
        "Zoom",
        "Focus",
        "Shutter / Strobe",
        "Dimmer"
      ]
    }
  ],
  "fixtureKey": "btx-titan",
  "manufacturerKey": "briteq",
  "oflURL": "https://open-fixture-library.org/briteq/btx-titan"
}
