{
  "$schema": "https://raw.githubusercontent.com/OpenLightingProject/open-fixture-library/schema-12.4.0/schemas/fixture.json",
  "name": "613SX",
  "shortName": "RJ613SX",
  "categories": ["Dimmer"],
  "meta": {
    "authors": ["dariovideo"],
    "createDate": "2018-11-27",
    "lastModifyDate": "2018-11-27"
  },
  "comment": "Only controllable via dimmer pack",
  "links": {
    "manual": [
      "https://www.robertjuliat.com/Product_Specifications/Fiches_EN/Standard/DSEN045_613SX.pdf"
    ],
    "productPage": [
      "https://www.robertjuliat.com/profilespots/600SX.html"
    ]
  },
  "physical": {
    "dimensions": [330, 415, 565],
    "weight": 11,
    "power": 1000,
    "bulb": {
      "type": "Tungsten T19",
      "colorTemperature": 3050,
      "lumens": 21000
    },
    "lens": {
      "degreesMinMax": [28, 54]
    }
  },
  "availableChannels": {
    "Dimmer": {
      "capability": {
        "type": "Intensity"
      }
    }
  },
  "modes": [
    {
      "name": "Dimmer",
      "channels": [
        "Dimmer"
      ]
    }
  ],
  "fixtureKey": "613sx",
  "manufacturerKey": "robert-juliat",
  "oflURL": "https://open-fixture-library.org/robert-juliat/613sx"
}
