{
  "$schema": "https://raw.githubusercontent.com/OpenLightingProject/open-fixture-library/schema-12.4.0/schemas/fixture.json",
  "name": "Proteus Hybrid",
  "categories": ["Moving Head", "Color Changer"],
  "meta": {
    "authors": ["MeroChat"],
    "createDate": "2019-05-21",
    "lastModifyDate": "2019-05-21"
  },
  "links": {
    "manual": [
      "https://cdb.s3.amazonaws.com/ItemRelatedFiles/10677/Elation%20Proteus%20Hybrid%20-%20Proteus%20Hybrid%20WMG%20-%20User%20Manual.pdf"
    ],
    "productPage": [
      "https://www.elationlighting.com/proteus-hybrid"
    ],
    "video": [
      "https://www.youtube.com/watch?v=w_GtudSQ8BU",
      "https://www.youtube.com/watch?v=TPU1p4mMNlo&t=20",
      "https://www.youtube.com/watch?v=v8iZYjFaTDA"
    ]
  },
  "rdm": {
    "modelId": 22
  },
  "physical": {
    "dimensions": [465, 650, 571],
    "weight": 38,
    "power": 750,
    "DMXconnector": "5-pin XLR IP65",
    "bulb": {
      "type": "Philips MSD Platinum 21R 470W",
      "colorTemperature": 8000,
      "lumens": 23000
    },
    "lens": {
      "degreesMinMax": [2, 40]
    }
  },
  "wheels": {
    "Color Wheel": {
      "slots": [
        {
          "type": "Open"
        },
        {
          "type": "Color",
          "name": "Red",
          "colors": ["#ec252a"]
        },
        {
          "type": "Color",
          "name": "Blue",
          "colors": ["#2d3691"]
        },
        {
          "type": "Color",
          "name": "Green",
          "colors": ["#14a651"]
        },
        {
          "type": "Color",
          "name": "Yellow",
          "colors": ["#f7ef22"]
        },
        {
          "type": "Color",
          "name": "Purple",
          "colors": ["#8f298d"]
        },
        {
          "type": "Color",
          "name": "Aqua",
          "colors": ["#1aa89c"]
        },
        {
          "type": "Color",
          "name": "Orange",
          "colors": ["#f16726"]
        },
        {
          "type": "Color",
          "name": "Light pink",
          "colors": ["#f5abcc"]
        },
        {
          "type": "Color",
          "name": "Lime green",
          "colors": ["#6cbd47"]
        },
        {
          "type": "Color",
          "name": "Light yellow",
          "colors": ["#f5ed33"]
        },
        {
          "type": "Color",
          "name": "Magenta",
          "colors": ["#ea098d"]
        },
        {
          "type": "Color",
          "name": "CTB",
          "colors": ["#b1d6f1"]
        },
        {
          "type": "Color",
          "name": "CTO",
          "colors": ["#e7a45d"]
        },
        {
          "type": "Color",
          "name": "UV",
          "colors": ["#572e8a"]
        }
      ]
    },
    "Rotating Gobo Wheel": {
      "slots": [
        {
          "type": "Open"
        },
        {
          "type": "Gobo"
        },
        {
          "type": "Gobo"
        },
        {
          "type": "Gobo"
        },
        {
          "type": "Gobo"
        },
        {
          "type": "Gobo"
        },
        {
          "type": "Gobo"
        },
        {
          "type": "Gobo"
        },
        {
          "type": "Gobo"
        }
      ]
    },
    "Static Gobo Wheel": {
      "slots": [
        {
          "type": "Open"
        },
        {
          "type": "Iris",
          "openPercent": "10%"
        },
        {
          "type": "Iris",
          "openPercent": "25%"
        },
        {
          "type": "Iris",
          "openPercent": "40%"
        },
        {
          "type": "Iris",
          "openPercent": "55%"
        },
        {
          "type": "Gobo",
          "name": "Gobo 5"
        },
        {
          "type": "Gobo",
          "name": "Gobo 6"
        },
        {
          "type": "Gobo",
          "name": "Gobo 7"
        },
        {
          "type": "Gobo",
          "name": "Gobo 8"
        },
        {
          "type": "Gobo",
          "name": "Gobo 9"
        },
        {
          "type": "Gobo",
          "name": "Gobo 10"
        },
        {
          "type": "Gobo",
          "name": "Gobo 11"
        },
        {
          "type": "Gobo",
          "name": "Gobo 12"
        },
        {
          "type": "Gobo",
          "name": "Gobo 13"
        },
        {
          "type": "Gobo",
          "name": "Gobo 14"
        }
      ]
    },
    "Animation Wheel": {
      "slots": [
        {
          "type": "AnimationGoboStart"
        },
        {
          "type": "AnimationGoboEnd"
        }
      ]
    }
  },
  "availableChannels": {
    "Pan": {
      "fineChannelAliases": ["Pan fine"],
      "capability": {
        "type": "Pan",
        "angleStart": "0deg",
        "angleEnd": "630deg"
      }
    },
    "Tilt": {
      "fineChannelAliases": ["Tilt fine"],
      "capability": {
        "type": "Tilt",
        "angleStart": "0deg",
        "angleEnd": "270deg"
      }
    },
    "Cyan": {
      "fineChannelAliases": ["Cyan fine"],
      "capability": {
        "type": "ColorIntensity",
        "color": "Cyan"
      }
    },
    "Magenta": {
      "fineChannelAliases": ["Magenta fine"],
      "capability": {
        "type": "ColorIntensity",
        "color": "Magenta"
      }
    },
    "Yellow": {
      "fineChannelAliases": ["Yellow fine"],
      "capability": {
        "type": "ColorIntensity",
        "color": "Yellow"
      }
    },
    "CTO": {
      "fineChannelAliases": ["CTO fine"],
      "capability": {
        "type": "ColorTemperature",
        "colorTemperatureStart": "default",
        "colorTemperatureEnd": "CTO"
      }
    },
    "Color Wheel": {
      "fineChannelAliases": ["Color Wheel fine"],
      "dmxValueResolution": "8bit",
      "capabilities": [
        {
          "dmxRange": [0, 15],
          "type": "WheelSlot",
          "slotNumber": 1
        },
        {
          "dmxRange": [16, 23],
          "type": "WheelSlot",
          "slotNumber": 2
        },
        {
          "dmxRange": [24, 31],
          "type": "WheelSlot",
          "slotNumber": 3
        },
        {
          "dmxRange": [32, 39],
          "type": "WheelSlot",
          "slotNumber": 4
        },
        {
          "dmxRange": [40, 47],
          "type": "WheelSlot",
          "slotNumber": 5
        },
        {
          "dmxRange": [48, 55],
          "type": "WheelSlot",
          "slotNumber": 6
        },
        {
          "dmxRange": [56, 63],
          "type": "WheelSlot",
          "slotNumber": 7
        },
        {
          "dmxRange": [64, 71],
          "type": "WheelSlot",
          "slotNumber": 8
        },
        {
          "dmxRange": [72, 79],
          "type": "WheelSlot",
          "slotNumber": 9
        },
        {
          "dmxRange": [80, 87],
          "type": "WheelSlot",
          "slotNumber": 10
        },
        {
          "dmxRange": [88, 95],
          "type": "WheelSlot",
          "slotNumber": 11
        },
        {
          "dmxRange": [96, 103],
          "type": "WheelSlot",
          "slotNumber": 12
        },
        {
          "dmxRange": [104, 111],
          "type": "WheelSlot",
          "slotNumber": 13
        },
        {
          "dmxRange": [112, 119],
          "type": "WheelSlot",
          "slotNumber": 14
        },
        {
          "dmxRange": [120, 127],
          "type": "WheelSlot",
          "slotNumber": 15
        },
        {
          "dmxRange": [128, 189],
          "type": "WheelRotation",
          "speedStart": "fast CCW",
          "speedEnd": "slow CCW"
        },
        {
          "dmxRange": [190, 193],
          "type": "WheelRotation",
          "speed": "stop"
        },
        {
          "dmxRange": [194, 255],
          "type": "WheelRotation",
          "speedStart": "slow CW",
          "speedEnd": "fast CW"
        }
      ]
    },
    "Rotating Gobo Wheel": {
      "capabilities": [
        {
          "dmxRange": [0, 10],
          "type": "NoFunction",
          "comment": "Beam"
        },
        {
          "dmxRange": [11, 21],
          "type": "WheelSlot",
          "slotNumber": 1,
          "comment": "Spot"
        },
        {
          "dmxRange": [22, 31],
          "type": "WheelSlot",
          "slotNumber": 2
        },
        {
          "dmxRange": [32, 41],
          "type": "WheelSlot",
          "slotNumber": 3
        },
        {
          "dmxRange": [42, 51],
          "type": "WheelSlot",
          "slotNumber": 4
        },
        {
          "dmxRange": [52, 61],
          "type": "WheelSlot",
          "slotNumber": 5
        },
        {
          "dmxRange": [62, 71],
          "type": "WheelSlot",
          "slotNumber": 6
        },
        {
          "dmxRange": [72, 81],
          "type": "WheelSlot",
          "slotNumber": 7
        },
        {
          "dmxRange": [82, 91],
          "type": "WheelSlot",
          "slotNumber": 8
        },
        {
          "dmxRange": [92, 101],
          "type": "WheelSlot",
          "slotNumber": 9
        },
        {
          "dmxRange": [102, 112],
          "type": "WheelShake",
          "slotNumber": 2,
          "shakeSpeedStart": "slow",
          "shakeSpeedEnd": "fast"
        },
        {
          "dmxRange": [113, 123],
          "type": "WheelShake",
          "slotNumber": 3,
          "shakeSpeedStart": "slow",
          "shakeSpeedEnd": "fast"
        },
        {
          "dmxRange": [124, 134],
          "type": "WheelShake",
          "slotNumber": 4,
          "shakeSpeedStart": "slow",
          "shakeSpeedEnd": "slow"
        },
        {
          "dmxRange": [135, 145],
          "type": "WheelShake",
          "slotNumber": 5,
          "shakeSpeedStart": "slow",
          "shakeSpeedEnd": "fast"
        },
        {
          "dmxRange": [146, 156],
          "type": "WheelShake",
          "slotNumber": 6,
          "shakeSpeedStart": "slow",
          "shakeSpeedEnd": "fast"
        },
        {
          "dmxRange": [157, 167],
          "type": "WheelShake",
          "slotNumber": 7,
          "shakeSpeedStart": "slow",
          "shakeSpeedEnd": "slow"
        },
        {
          "dmxRange": [168, 178],
          "type": "WheelShake",
          "slotNumber": 8,
          "shakeSpeedStart": "slow",
          "shakeSpeedEnd": "fast"
        },
        {
          "dmxRange": [179, 189],
          "type": "WheelShake",
          "slotNumber": 9,
          "shakeSpeedStart": "slow",
          "shakeSpeedEnd": "fast"
        },
        {
          "dmxRange": [190, 221],
          "type": "WheelRotation",
          "speedStart": "fast CCW",
          "speedEnd": "slow CCW"
        },
        {
          "dmxRange": [222, 223],
          "type": "WheelRotation",
          "speed": "stop"
        },
        {
          "dmxRange": [224, 255],
          "type": "WheelRotation",
          "speedStart": "slow CW",
          "speedEnd": "fast CW"
        }
      ]
    },
    "Gobo Rotation": {
      "fineChannelAliases": ["Gobo Rotation fine"],
      "dmxValueResolution": "8bit",
      "capabilities": [
        {
          "dmxRange": [0, 127],
          "type": "WheelSlotRotation",
          "wheel": "Rotating Gobo Wheel",
          "angleStart": "0deg",
          "angleEnd": "360deg",
          "helpWanted": "Correct angle?"
        },
        {
          "dmxRange": [128, 189],
          "type": "WheelSlotRotation",
          "wheel": "Rotating Gobo Wheel",
          "speedStart": "fast CCW",
          "speedEnd": "slow CCW"
        },
        {
          "dmxRange": [190, 193],
          "type": "WheelSlotRotation",
          "wheel": "Rotating Gobo Wheel",
          "speed": "stop"
        },
        {
          "dmxRange": [194, 255],
          "type": "WheelSlotRotation",
          "wheel": "Rotating Gobo Wheel",
          "speedStart": "slow CW",
          "speedEnd": "fast CW"
        }
      ]
    },
    "Static Gobo Wheel": {
      "fineChannelAliases": ["Static Gobo Wheel fine"],
      "dmxValueResolution": "8bit",
      "capabilities": [
        {
          "dmxRange": [0, 7],
          "type": "WheelSlot",
          "slotNumber": 1
        },
        {
          "dmxRange": [8, 14],
          "type": "WheelSlot",
          "slotNumber": 2
        },
        {
          "dmxRange": [15, 21],
          "type": "WheelSlot",
          "slotNumber": 3
        },
        {
          "dmxRange": [22, 28],
          "type": "WheelSlot",
          "slotNumber": 4
        },
        {
          "dmxRange": [29, 35],
          "type": "WheelSlot",
          "slotNumber": 5
        },
        {
          "dmxRange": [36, 42],
          "type": "WheelSlot",
          "slotNumber": 6
        },
        {
          "dmxRange": [43, 49],
          "type": "WheelSlot",
          "slotNumber": 7
        },
        {
          "dmxRange": [50, 56],
          "type": "WheelSlot",
          "slotNumber": 8
        },
        {
          "dmxRange": [57, 63],
          "type": "WheelSlot",
          "slotNumber": 9
        },
        {
          "dmxRange": [64, 70],
          "type": "WheelSlot",
          "slotNumber": 10
        },
        {
          "dmxRange": [71, 77],
          "type": "WheelSlot",
          "slotNumber": 11
        },
        {
          "dmxRange": [78, 84],
          "type": "WheelSlot",
          "slotNumber": 12
        },
        {
          "dmxRange": [85, 91],
          "type": "WheelSlot",
          "slotNumber": 13
        },
        {
          "dmxRange": [92, 98],
          "type": "WheelSlot",
          "slotNumber": 14
        },
        {
          "dmxRange": [99, 105],
          "type": "WheelSlot",
          "slotNumber": 15
        },
        {
          "dmxRange": [106, 111],
          "type": "WheelShake",
          "slotNumber": 2,
          "shakeSpeedStart": "slow",
          "shakeSpeedEnd": "slow"
        },
        {
          "dmxRange": [112, 117],
          "type": "WheelShake",
          "slotNumber": 3,
          "shakeSpeedStart": "slow",
          "shakeSpeedEnd": "fast"
        },
        {
          "dmxRange": [118, 123],
          "type": "WheelShake",
          "slotNumber": 4,
          "shakeSpeedStart": "slow",
          "shakeSpeedEnd": "fast"
        },
        {
          "dmxRange": [124, 129],
          "type": "WheelShake",
          "slotNumber": 5,
          "shakeSpeedStart": "slow",
          "shakeSpeedEnd": "fast"
        },
        {
          "dmxRange": [130, 135],
          "type": "WheelShake",
          "slotNumber": 6,
          "shakeSpeedStart": "slow",
          "shakeSpeedEnd": "fast"
        },
        {
          "dmxRange": [136, 141],
          "type": "WheelShake",
          "slotNumber": 7,
          "shakeSpeedStart": "slow",
          "shakeSpeedEnd": "fast"
        },
        {
          "dmxRange": [142, 147],
          "type": "WheelShake",
          "slotNumber": 8,
          "shakeSpeedStart": "slow",
          "shakeSpeedEnd": "fast"
        },
        {
          "dmxRange": [148, 153],
          "type": "WheelShake",
          "slotNumber": 9,
          "shakeSpeedStart": "slow",
          "shakeSpeedEnd": "fast"
        },
        {
          "dmxRange": [154, 159],
          "type": "WheelShake",
          "slotNumber": 10,
          "shakeSpeedStart": "slow",
          "shakeSpeedEnd": "fast"
        },
        {
          "dmxRange": [160, 165],
          "type": "WheelShake",
          "slotNumber": 11,
          "shakeSpeedStart": "slow",
          "shakeSpeedEnd": "fast"
        },
        {
          "dmxRange": [166, 171],
          "type": "WheelShake",
          "slotNumber": 12,
          "shakeSpeedStart": "slow",
          "shakeSpeedEnd": "fast"
        },
        {
          "dmxRange": [172, 177],
          "type": "WheelShake",
          "slotNumber": 13,
          "shakeSpeedStart": "slow",
          "shakeSpeedEnd": "fast"
        },
        {
          "dmxRange": [178, 183],
          "type": "WheelShake",
          "slotNumber": 14,
          "shakeSpeedStart": "slow",
          "shakeSpeedEnd": "fast"
        },
        {
          "dmxRange": [184, 189],
          "type": "WheelShake",
          "slotNumber": 15,
          "shakeSpeedStart": "slow",
          "shakeSpeedEnd": "fast"
        },
        {
          "dmxRange": [190, 221],
          "type": "WheelRotation",
          "speedStart": "fast CCW",
          "speedEnd": "slow CCW"
        },
        {
          "dmxRange": [222, 223],
          "type": "WheelRotation",
          "speed": "stop"
        },
        {
          "dmxRange": [224, 255],
          "type": "WheelRotation",
          "speedStart": "slow CW",
          "speedEnd": "fast CW"
        }
      ]
    },
    "Rotating Prism / Prism/Gobo Macros": {
      "capabilities": [
        {
          "dmxRange": [0, 31],
          "type": "NoFunction"
        },
        {
          "dmxRange": [32, 64],
          "type": "Prism",
          "comment": "8-facet prism"
        },
        {
          "dmxRange": [65, 94],
          "type": "Prism",
          "comment": "4-facet linear prism"
        },
        {
          "dmxRange": [95, 127],
          "type": "Prism",
          "comment": "8-facet + 4-facet prisms"
        },
        {
          "dmxRange": [128, 135],
          "type": "Effect",
          "effectName": "Prism/Gobo macro 1"
        },
        {
          "dmxRange": [136, 143],
          "type": "Effect",
          "effectName": "Prism/Gobo macro 2"
        },
        {
          "dmxRange": [144, 151],
          "type": "Effect",
          "effectName": "Prism/Gobo macro 3"
        },
        {
          "dmxRange": [152, 159],
          "type": "Effect",
          "effectName": "Prism/Gobo macro 4"
        },
        {
          "dmxRange": [160, 167],
          "type": "Effect",
          "effectName": "Prism/Gobo macro 5"
        },
        {
          "dmxRange": [168, 175],
          "type": "Effect",
          "effectName": "Prism/Gobo macro 6"
        },
        {
          "dmxRange": [176, 183],
          "type": "Effect",
          "effectName": "Prism/Gobo macro 7"
        },
        {
          "dmxRange": [184, 191],
          "type": "Effect",
          "effectName": "Prism/Gobo macro 8"
        },
        {
          "dmxRange": [192, 199],
          "type": "Effect",
          "effectName": "Prism/Gobo macro 9"
        },
        {
          "dmxRange": [200, 207],
          "type": "Effect",
          "effectName": "Prism/Gobo macro 10"
        },
        {
          "dmxRange": [208, 215],
          "type": "Effect",
          "effectName": "Prism/Gobo macro 11"
        },
        {
          "dmxRange": [216, 223],
          "type": "Effect",
          "effectName": "Prism/Gobo macro 12"
        },
        {
          "dmxRange": [224, 231],
          "type": "Effect",
          "effectName": "Prism/Gobo macro 13"
        },
        {
          "dmxRange": [232, 239],
          "type": "Effect",
          "effectName": "Prism/Gobo macro 14"
        },
        {
          "dmxRange": [240, 247],
          "type": "Effect",
          "effectName": "Prism/Gobo macro 15"
        },
        {
          "dmxRange": [248, 255],
          "type": "Effect",
          "effectName": "Prism/Gobo macro 16"
        }
      ]
    },
    "Prism Rotation": {
      "fineChannelAliases": ["Prism Rotation fine"],
      "dmxValueResolution": "8bit",
      "capabilities": [
        {
          "dmxRange": [0, 127],
          "type": "PrismRotation",
          "angleStart": "0deg",
          "angleEnd": "360deg",
          "helpWanted": "Correct angle?"
        },
        {
          "dmxRange": [128, 189],
          "type": "PrismRotation",
          "speedStart": "fast CW",
          "speedEnd": "slow CW"
        },
        {
          "dmxRange": [190, 193],
          "type": "PrismRotation",
          "speed": "stop"
        },
        {
          "dmxRange": [194, 255],
          "type": "PrismRotation",
          "speedStart": "slow CW",
          "speedEnd": "fast CW"
        }
      ]
    },
    "Focus": {
      "fineChannelAliases": ["Focus fine"],
      "capability": {
        "type": "Focus",
        "distanceStart": "near",
        "distanceEnd": "far"
      }
    },
    "Zoom": {
      "fineChannelAliases": ["Zoom fine"],
      "capability": {
        "type": "Zoom",
        "angleStart": "narrow",
        "angleEnd": "wide"
      }
    },
    "Auto Focus": {
      "fineChannelAliases": ["Auto Focus fine"],
      "dmxValueResolution": "8bit",
      "capabilities": [
        {
          "dmxRange": [0, 50],
          "type": "NoFunction",
          "comment": "Off"
        },
        {
          "dmxRange": [51, 150],
          "type": "Focus",
          "distance": "15m"
        },
        {
          "dmxRange": [151, 255],
          "type": "Focus",
          "distance": "20m"
        }
      ]
    },
    "Shutter / Strobe": {
      "capabilities": [
        {
          "dmxRange": [0, 31],
          "type": "ShutterStrobe",
          "shutterEffect": "Closed"
        },
        {
          "dmxRange": [32, 63],
          "type": "ShutterStrobe",
          "shutterEffect": "Open"
        },
        {
          "dmxRange": [64, 95],
          "type": "ShutterStrobe",
          "shutterEffect": "Strobe",
          "speedStart": "slow",
          "speedEnd": "fast"
        },
        {
          "dmxRange": [96, 127],
          "type": "ShutterStrobe",
          "shutterEffect": "Open"
        },
        {
          "dmxRange": [128, 159],
          "type": "ShutterStrobe",
          "shutterEffect": "Pulse"
        },
        {
          "dmxRange": [160, 191],
          "type": "ShutterStrobe",
          "shutterEffect": "Open"
        },
        {
          "dmxRange": [192, 223],
          "type": "ShutterStrobe",
          "shutterEffect": "Strobe",
          "speedStart": "slow",
          "speedEnd": "fast",
          "randomTiming": true
        },
        {
          "dmxRange": [224, 255],
          "type": "ShutterStrobe",
          "shutterEffect": "Open"
        }
      ]
    },
    "Dimmer": {
      "fineChannelAliases": ["Dimmer fine"],
      "capability": {
        "type": "Intensity"
      }
    },
    "Frost": {
      "capabilities": [
        {
          "dmxRange": [0, 127],
          "type": "Frost",
          "frostIntensity": "off"
        },
        {
          "dmxRange": [128, 255],
          "type": "Frost",
          "frostIntensity": "high"
        }
      ]
    },
    "Animation Wheel": {
      "capabilities": [
        {
          "dmxRange": [0, 7],
          "type": "NoFunction"
        },
        {
          "dmxRange": [8, 127],
          "type": "WheelRotation",
          "speedStart": "fast CW",
          "speedEnd": "slow CW"
        },
        {
          "dmxRange": [128, 135],
          "type": "WheelRotation",
          "speed": "stop"
        },
        {
          "dmxRange": [136, 255],
          "type": "WheelRotation",
          "speedStart": "slow CCW",
          "speedEnd": "fast CCW"
        }
      ]
    },
    "CMY Speed": {
      "capability": {
        "type": "Speed",
        "speedStart": "slow",
        "speedEnd": "fast"
      }
    },
    "CMY Macros": {
      "defaultValue": 0,
      "capabilities": [
        {
          "dmxRange": [0, 31],
          "type": "NoFunction"
        },
        {
          "dmxRange": [32, 39],
          "type": "ColorPreset",
          "comment": "Macro 1"
        },
        {
          "dmxRange": [40, 47],
          "type": "ColorPreset",
          "comment": "Macro 2"
        },
        {
          "dmxRange": [48, 55],
          "type": "ColorPreset",
          "comment": "Macro 3"
        },
        {
          "dmxRange": [56, 63],
          "type": "ColorPreset",
          "comment": "Macro 4"
        },
        {
          "dmxRange": [64, 71],
          "type": "ColorPreset",
          "comment": "Macro 5"
        },
        {
          "dmxRange": [72, 79],
          "type": "ColorPreset",
          "comment": "Macro 6"
        },
        {
          "dmxRange": [80, 87],
          "type": "ColorPreset",
          "comment": "Macro 7"
        },
        {
          "dmxRange": [88, 95],
          "type": "ColorPreset",
          "comment": "Macro 8"
        },
        {
          "dmxRange": [96, 103],
          "type": "ColorPreset",
          "comment": "Macro 9"
        },
        {
          "dmxRange": [104, 111],
          "type": "ColorPreset",
          "comment": "Macro 10"
        },
        {
          "dmxRange": [112, 119],
          "type": "ColorPreset",
          "comment": "Macro 11"
        },
        {
          "dmxRange": [120, 127],
          "type": "ColorPreset",
          "comment": "Macro 12"
        },
        {
          "dmxRange": [128, 135],
          "type": "ColorPreset",
          "comment": "Macro 13"
        },
        {
          "dmxRange": [136, 143],
          "type": "ColorPreset",
          "comment": "Macro 14"
        },
        {
          "dmxRange": [144, 151],
          "type": "ColorPreset",
          "comment": "Macro 15"
        },
        {
          "dmxRange": [152, 159],
          "type": "ColorPreset",
          "comment": "Macro 16"
        },
        {
          "dmxRange": [160, 167],
          "type": "ColorPreset",
          "comment": "Macro 17"
        },
        {
          "dmxRange": [168, 175],
          "type": "ColorPreset",
          "comment": "Macro 18"
        },
        {
          "dmxRange": [176, 183],
          "type": "ColorPreset",
          "comment": "Macro 19"
        },
        {
          "dmxRange": [184, 191],
          "type": "ColorPreset",
          "comment": "Macro 20"
        },
        {
          "dmxRange": [192, 199],
          "type": "ColorPreset",
          "comment": "Macro 21"
        },
        {
          "dmxRange": [200, 207],
          "type": "ColorPreset",
          "comment": "Macro 22"
        },
        {
          "dmxRange": [208, 215],
          "type": "ColorPreset",
          "comment": "Macro 23"
        },
        {
          "dmxRange": [216, 223],
          "type": "ColorPreset",
          "comment": "Macro 24"
        },
        {
          "dmxRange": [224, 231],
          "type": "ColorPreset",
          "comment": "Macro 25"
        },
        {
          "dmxRange": [232, 239],
          "type": "ColorPreset",
          "comment": "Macro 26"
        },
        {
          "dmxRange": [240, 247],
          "type": "ColorPreset",
          "comment": "Macro 27"
        },
        {
          "dmxRange": [248, 255],
          "type": "ColorPreset",
          "comment": "Random CMY"
        }
      ]
    },
    "Pan / Tilt Speed": {
      "defaultValue": 0,
      "capabilities": [
        {
          "dmxRange": [0, 225],
          "type": "PanTiltSpeed",
          "speedStart": "fast",
          "speedEnd": "slow"
        },
        {
          "dmxRange": [226, 235],
          "type": "Maintenance",
          "comment": "Blackout at movement"
        },
        {
          "dmxRange": [236, 245],
          "type": "Maintenance",
          "comment": "Blackout at all wheel movement"
        },
        {
          "dmxRange": [246, 255],
          "type": "NoFunction"
        }
      ]
    },
    "Maintenance / Programs": {
      "capabilities": [
        {
          "dmxRange": [0, 19],
          "type": "Maintenance",
          "comment": "Color wheel change normal"
        },
        {
          "dmxRange": [20, 29],
          "type": "Maintenance",
          "comment": "Color wheel change to any position"
        },
        {
          "dmxRange": [30, 39],
          "type": "Maintenance",
          "comment": "Color / Fixed gobo wheel change to any position"
        },
        {
          "dmxRange": [40, 59],
          "type": "Maintenance",
          "comment": "Lamp on"
        },
        {
          "dmxRange": [60, 79],
          "type": "Maintenance",
          "comment": "Lamp off"
        },
        {
          "dmxRange": [80, 84],
          "type": "Maintenance",
          "comment": "All motors reset"
        },
        {
          "dmxRange": [85, 87],
          "type": "Maintenance",
          "comment": "Scan motor reset"
        },
        {
          "dmxRange": [88, 90],
          "type": "Maintenance",
          "comment": "Color wheel motor reset"
        },
        {
          "dmxRange": [91, 93],
          "type": "Maintenance",
          "comment": "Gobo wheel motor reset"
        },
        {
          "dmxRange": [94, 96],
          "type": "Maintenance",
          "comment": "Shutter/dimmer motor reset"
        },
        {
          "dmxRange": [97, 99],
          "type": "Maintenance",
          "comment": "Other motors reset"
        },
        {
          "dmxRange": [100, 119],
          "type": "Effect",
          "effectName": "Internal Program 1"
        },
        {
          "dmxRange": [120, 139],
          "type": "Effect",
          "effectName": "Internal Program 2"
        },
        {
          "dmxRange": [140, 159],
          "type": "Effect",
          "effectName": "Internal Program 3"
        },
        {
          "dmxRange": [160, 179],
          "type": "Effect",
          "effectName": "Internal Program 4"
        },
        {
          "dmxRange": [180, 199],
          "type": "Effect",
          "effectName": "Internal Program 5"
        },
        {
          "dmxRange": [200, 219],
          "type": "Effect",
          "effectName": "Internal Program 6"
        },
        {
          "dmxRange": [220, 239],
          "type": "Effect",
          "effectName": "Internal Program 7"
        },
        {
          "dmxRange": [240, 241],
          "type": "Maintenance",
          "comment": "Dimmer curce standard"
        },
        {
          "dmxRange": [242, 243],
          "type": "Maintenance",
          "comment": "Dimmer curce linear"
        },
        {
          "dmxRange": [244, 245],
          "type": "Maintenance",
          "comment": "Dimmer curce square"
        },
        {
          "dmxRange": [246, 247],
          "type": "Maintenance",
          "comment": "Dimmer curce inverse square"
        },
        {
          "dmxRange": [248, 249],
          "type": "Maintenance",
          "comment": "Dimmer curce s-curve"
        },
        {
          "dmxRange": [250, 255],
          "type": "NoFunction",
          "comment": "Reserved"
        }
      ]
    }
  },
  "modes": [
    {
      "name": "Basic",
      "shortName": "bas",
      "channels": [
        "Pan",
        "Tilt",
        "Cyan",
        "Magenta",
        "Yellow",
        "CTO",
        "Color Wheel",
        "Rotating Gobo Wheel",
        "Gobo Rotation",
        "Static Gobo Wheel",
        "Rotating Prism / Prism/Gobo Macros",
        "Prism Rotation",
        "Focus",
        "Zoom",
        "Auto Focus",
        "Auto Focus fine",
        "Shutter / Strobe",
        "Dimmer",
        "Frost",
        "Animation Wheel",
        "CMY Speed",
        "CMY Macros",
        "Pan / Tilt Speed",
        "Maintenance / Programs"
      ]
    },
    {
      "name": "Standard",
      "shortName": "std",
      "channels": [
        "Pan",
        "Pan fine",
        "Tilt",
        "Tilt fine",
        "Cyan",
        "Magenta",
        "Yellow",
        "CTO",
        "Color Wheel",
        "Rotating Gobo Wheel",
        "Gobo Rotation",
        "Static Gobo Wheel",
        "Rotating Prism / Prism/Gobo Macros",
        "Prism Rotation",
        "Focus",
        "Zoom",
        "Auto Focus",
        "Auto Focus fine",
        "Shutter / Strobe",
        "Dimmer",
        "Frost",
        "Animation Wheel",
        "CMY Speed",
        "CMY Macros",
        "Pan / Tilt Speed",
        "Maintenance / Programs"
      ]
    },
    {
      "name": "Extended",
      "shortName": "ext",
      "channels": [
        "Pan",
        "Pan fine",
        "Tilt",
        "Tilt fine",
        "Cyan",
        "Cyan fine",
        "Magenta",
        "Magenta fine",
        "Yellow",
        "Yellow fine",
        "CTO",
        "CTO fine",
        "Color Wheel",
        "Color Wheel fine",
        "Rotating Gobo Wheel",
        "Gobo Rotation",
        "Gobo Rotation fine",
        "Static Gobo Wheel",
        "Static Gobo Wheel fine",
        "Rotating Prism / Prism/Gobo Macros",
        "Prism Rotation",
        "Prism Rotation fine",
        "Focus",
        "Focus fine",
        "Zoom",
        "Zoom fine",
        "Auto Focus",
        "Auto Focus fine",
        "Shutter / Strobe",
        "Dimmer",
        "Dimmer fine",
        "Frost",
        "Animation Wheel",
        "CMY Speed",
        "CMY Macros",
        "Pan / Tilt Speed",
        "Maintenance / Programs"
      ]
    }
  ],
  "fixtureKey": "proteus-hybrid",
  "manufacturerKey": "elation",
  "oflURL": "https://open-fixture-library.org/elation/proteus-hybrid"
}
