{
  "$schema": "https://raw.githubusercontent.com/OpenLightingProject/open-fixture-library/schema-12.4.0/schemas/fixture.json",
  "name": "MX-Indigo 6000XE",
  "categories": ["Moving Head", "Color Changer"],
  "meta": {
    "authors": ["Khors"],
    "createDate": "2019-10-26",
    "lastModifyDate": "2019-10-26"
  },
  "links": {
    "manual": [
      "https://file001.shop-pro.jp/PA01017/727/silverstar/ss_indg6000xe_mnl.pdf"
    ],
    "productPage": [
      "http://www.show-light.ru/svetovoe-oborudovanie/svetodiodnye-oborydovanie-led/pribory-polnogo-vrashcheniya-led/silver-star-yg-led621xwa-mx-indigo-6000-xe-povorotnaya-golova-detail"
    ],
    "video": [
      "https://www.youtube.com/watch?v=5PMrgbFYnJo"
    ]
  },
  "physical": {
    "dimensions": [339, 433, 252],
    "weight": 11,
    "power": 330,
    "DMXconnector": "3-pin",
    "bulb": {
      "type": "91 LEDs (22× red, 23× green, 22× blue, 12× white, 12× amber)"
    }
  },
  "availableChannels": {
    "Pan": {
      "fineChannelAliases": ["Pan fine"],
      "defaultValue": "50%",
      "capability": {
        "type": "Pan",
        "angleStart": "0deg",
        "angleEnd": "540deg"
      }
    },
    "Tilt": {
      "fineChannelAliases": ["Tilt fine"],
      "defaultValue": "50%",
      "capability": {
        "type": "Tilt",
        "angleStart": "0deg",
        "angleEnd": "270deg"
      }
    },
    "Pan/Tilt Speed": {
      "capability": {
        "type": "PanTiltSpeed",
        "speedStart": "slow",
        "speedEnd": "fast"
      }
    },
    "Red": {
      "capability": {
        "type": "ColorIntensity",
        "color": "Red"
      }
    },
    "Green": {
      "capability": {
        "type": "ColorIntensity",
        "color": "Green"
      }
    },
    "Blue": {
      "capability": {
        "type": "ColorIntensity",
        "color": "Blue"
      }
    },
    "White": {
      "capability": {
        "type": "ColorIntensity",
        "color": "White"
      }
    },
    "Amber": {
      "capability": {
        "type": "ColorIntensity",
        "color": "Amber"
      }
    },
    "Color Macros": {
      "capabilities": [
        {
          "dmxRange": [0, 5],
          "type": "NoFunction"
        },
        {
          "dmxRange": [6, 10],
          "type": "ColorPreset",
          "comment": "Maximum output"
        },
        {
          "dmxRange": [11, 30],
          "type": "ColorPreset",
          "comment": "Red … Yellow",
          "colorsStart": ["#ff0000"],
          "colorsEnd": ["#ffff00"]
        },
        {
          "dmxRange": [31, 50],
          "type": "ColorPreset",
          "comment": "Yellow … Green",
          "colorsStart": ["#ffff00"],
          "colorsEnd": ["#00ff00"]
        },
        {
          "dmxRange": [51, 70],
          "type": "ColorPreset",
          "comment": "Green … Cyan",
          "colorsStart": ["#00ff00"],
          "colorsEnd": ["#00ffff"]
        },
        {
          "dmxRange": [71, 90],
          "type": "ColorPreset",
          "comment": "Cyan … Blue",
          "colorsStart": ["#00ffff"],
          "colorsEnd": ["#0000ff"]
        },
        {
          "dmxRange": [91, 110],
          "type": "ColorPreset",
          "comment": "Blue … Magenta",
          "colorsStart": ["#0000ff"],
          "colorsEnd": ["#ff00ff"]
        },
        {
          "dmxRange": [111, 130],
          "type": "ColorPreset",
          "comment": "Magenta … Red",
          "colorsStart": ["#ff00ff"],
          "colorsEnd": ["#ff0000"]
        },
        {
          "dmxRange": [131, 150],
          "type": "ColorPreset",
          "comment": "Red … White",
          "colorsStart": ["#ff0000"],
          "colorsEnd": ["#ffffff"]
        },
        {
          "dmxRange": [151, 170],
          "type": "ColorPreset",
          "comment": "White … Blue",
          "colorsStart": ["#ffffff"],
          "colorsEnd": ["#0000ff"]
        },
        {
          "dmxRange": [171, 200],
          "type": "ColorPreset",
          "comment": "Red + Green + Blue + White 100%",
          "colors": ["#ffffff"]
        },
        {
          "dmxRange": [201, 205],
          "type": "ColorPreset",
          "comment": "White 1",
          "colors": ["#ffffff"],
          "colorTemperature": "3200K"
        },
        {
          "dmxRange": [206, 210],
          "type": "ColorPreset",
          "comment": "White 2",
          "colors": ["#ffffff"],
          "colorTemperature": "3400K"
        },
        {
          "dmxRange": [211, 215],
          "type": "ColorPreset",
          "comment": "White 3",
          "colors": ["#ffffff"],
          "colorTemperature": "4200K"
        },
        {
          "dmxRange": [216, 220],
          "type": "ColorPreset",
          "comment": "White 4",
          "colors": ["#ffffff"],
          "colorTemperature": "4900K"
        },
        {
          "dmxRange": [221, 225],
          "type": "ColorPreset",
          "comment": "White 5",
          "colors": ["#ffffff"],
          "colorTemperature": "5600K"
        },
        {
          "dmxRange": [226, 230],
          "type": "ColorPreset",
          "comment": "White 6",
          "colors": ["#ffffff"],
          "colorTemperature": "5900K"
        },
        {
          "dmxRange": [231, 235],
          "type": "ColorPreset",
          "comment": "White 7",
          "colors": ["#ffffff"],
          "colorTemperature": "6500K"
        },
        {
          "dmxRange": [236, 240],
          "type": "ColorPreset",
          "comment": "White 8",
          "colors": ["#ffffff"],
          "colorTemperature": "7200K"
        },
        {
          "dmxRange": [241, 245],
          "type": "ColorPreset",
          "comment": "White 9",
          "colors": ["#ffffff"],
          "colorTemperature": "8000K"
        },
        {
          "dmxRange": [246, 250],
          "type": "ColorPreset",
          "comment": "White 10",
          "colors": ["#ffffff"],
          "colorTemperature": "8500K"
        },
        {
          "dmxRange": [251, 255],
          "type": "ColorPreset",
          "comment": "White 11",
          "colors": ["#ffffff"],
          "colorTemperature": "10000K"
        }
      ]
    },
    "Dimmer": {
      "capability": {
        "type": "Intensity"
      }
    },
    "Strobe": {
      "capabilities": [
        {
          "dmxRange": [0, 9],
          "type": "ShutterStrobe",
          "shutterEffect": "Open"
        },
        {
          "dmxRange": [10, 255],
          "type": "ShutterStrobe",
          "shutterEffect": "Strobe",
          "speedStart": "1Hz",
          "speedEnd": "20Hz"
        }
      ]
    },
    "Zoom": {
      "capability": {
        "type": "Zoom",
        "angleStart": "narrow",
        "angleEnd": "wide"
      }
    },
    "Control": {
      "capabilities": [
        {
          "dmxRange": [0, 19],
          "type": "NoFunction"
        },
        {
          "dmxRange": [20, 39],
          "type": "Maintenance",
          "comment": "Pan/Tilt blackout ON"
        },
        {
          "dmxRange": [40, 59],
          "type": "Maintenance",
          "comment": "Pan/Tilt blackout OFF"
        },
        {
          "dmxRange": [60, 79],
          "type": "Maintenance",
          "comment": "Fan auto"
        },
        {
          "dmxRange": [80, 99],
          "type": "Maintenance",
          "comment": "Fan slow"
        },
        {
          "dmxRange": [100, 119],
          "type": "Maintenance",
          "comment": "Fan normal"
        },
        {
          "dmxRange": [120, 139],
          "type": "Maintenance",
          "comment": "Fan fast"
        },
        {
          "dmxRange": [140, 149],
          "type": "Maintenance",
          "comment": "Auto 1",
          "hold": "3s"
        },
        {
          "dmxRange": [150, 159],
          "type": "Maintenance",
          "comment": "Auto 2",
          "hold": "3s"
        },
        {
          "dmxRange": [160, 169],
          "type": "Maintenance",
          "comment": "Test",
          "hold": "3s"
        },
        {
          "dmxRange": [170, 179],
          "type": "Maintenance",
          "comment": "Custom",
          "hold": "3s"
        },
        {
          "dmxRange": [180, 199],
          "type": "Maintenance",
          "comment": "Tone 1"
        },
        {
          "dmxRange": [200, 219],
          "type": "Maintenance",
          "comment": "Reset",
          "hold": "3s"
        },
        {
          "dmxRange": [220, 235],
          "type": "NoFunction"
        },
        {
          "dmxRange": [236, 239],
          "type": "Maintenance",
          "comment": "Dimmer speed DIM0 (fastest)"
        },
        {
          "dmxRange": [240, 243],
          "type": "Maintenance",
          "comment": "Dimmer speed DIM1"
        },
        {
          "dmxRange": [244, 247],
          "type": "Maintenance",
          "comment": "Dimmer speed DIM2"
        },
        {
          "dmxRange": [248, 251],
          "type": "Maintenance",
          "comment": "Dimmer speed DIM3"
        },
        {
          "dmxRange": [252, 255],
          "type": "Maintenance",
          "comment": "Dimmer speed DIM4 (slowest)"
        }
      ]
    }
  },
  "modes": [
    {
      "name": "Advanced 15-channel",
      "shortName": "15ch",
      "channels": [
        "Pan",
        "Pan fine",
        "Tilt",
        "Tilt fine",
        "Pan/Tilt Speed",
        "Red",
        "Green",
        "Blue",
        "White",
        "Amber",
        "Color Macros",
        "Dimmer",
        "Strobe",
        "Zoom",
        "Control"
      ]
    },
    {
      "name": "Basic 12-channel",
      "shortName": "12ch",
      "channels": [
        "Pan",
        "Tilt",
        "Red",
        "Green",
        "Blue",
        "White",
        "Amber",
        "Color Macros",
        "Dimmer",
        "Strobe",
        "Zoom",
        "Control"
      ]
    }
  ],
  "fixtureKey": "mx-indigo-6000xe",
  "manufacturerKey": "silver-star",
  "oflURL": "https://open-fixture-library.org/silver-star/mx-indigo-6000xe"
}
