{
  "$schema": "https://raw.githubusercontent.com/OpenLightingProject/open-fixture-library/schema-12.4.0/schemas/fixture.json",
  "name": "HY-G60",
  "categories": ["Moving Head", "Color Changer"],
  "meta": {
    "authors": ["DJMaxone.de"],
    "createDate": "2018-12-12",
    "lastModifyDate": "2018-12-12",
    "importPlugin": {
      "plugin": "qlcplus_4.11.2",
      "date": "2018-12-12",
      "comment": "created by Q Light Controller Plus (version 4.11.2)"
    }
  },
  "helpWanted": "There is no manual for this fixture. Can you provide the link to one?",
  "links": {
    "video": [
      "https://www.youtube.com/watch?v=M98TE_nUW9U"
    ]
  },
  "physical": {
    "dimensions": [170, 190, 150],
    "weight": 4.5,
    "power": 100,
    "DMXconnector": "3-pin",
    "bulb": {
      "type": "60W white LED"
    },
    "lens": {
      "degreesMinMax": [12, 12]
    }
  },
  "wheels": {
    "Color Wheel": {
      "slots": [
        {
          "type": "Open"
        },
        {
          "type": "Color",
          "name": "Red",
          "colors": ["#ff0000"]
        },
        {
          "type": "Color",
          "name": "Orange",
          "colors": ["#ffaa00"]
        },
        {
          "type": "Color",
          "name": "Yellow",
          "colors": ["#ffff00"]
        },
        {
          "type": "Color",
          "name": "Green",
          "colors": ["#19ff00"]
        },
        {
          "type": "Color",
          "name": "Blue",
          "colors": ["#0000ff"]
        },
        {
          "type": "Color",
          "name": "Purple",
          "colors": ["#ff01fb"]
        },
        {
          "type": "Color",
          "name": "Cyan",
          "colors": ["#00fbff"]
        }
      ]
    },
    "Gobo Wheel": {
      "slots": [
        {
          "type": "Open"
        },
        {
          "type": "Gobo"
        },
        {
          "type": "Gobo"
        },
        {
          "type": "Gobo"
        },
        {
          "type": "Gobo"
        },
        {
          "type": "Gobo"
        },
        {
          "type": "Gobo"
        },
        {
          "type": "Gobo"
        }
      ]
    }
  },
  "availableChannels": {
    "Pan": {
      "fineChannelAliases": ["Pan fine"],
      "capability": {
        "type": "Pan",
        "angleStart": "0deg",
        "angleEnd": "540deg"
      }
    },
    "Tilt": {
      "fineChannelAliases": ["Tilt fine"],
      "capability": {
        "type": "Tilt",
        "angleStart": "0deg",
        "angleEnd": "180deg"
      }
    },
    "Color Wheel": {
      "capabilities": [
        {
          "dmxRange": [0, 10],
          "type": "WheelSlot",
          "slotNumber": 1
        },
        {
          "dmxRange": [11, 21],
          "type": "WheelSlot",
          "slotNumber": 1.5
        },
        {
          "dmxRange": [22, 32],
          "type": "WheelSlot",
          "slotNumber": 2
        },
        {
          "dmxRange": [33, 43],
          "type": "WheelSlot",
          "slotNumber": 2.5
        },
        {
          "dmxRange": [44, 54],
          "type": "WheelSlot",
          "slotNumber": 3
        },
        {
          "dmxRange": [55, 65],
          "type": "WheelSlot",
          "slotNumber": 3.5
        },
        {
          "dmxRange": [66, 76],
          "type": "WheelSlot",
          "slotNumber": 4
        },
        {
          "dmxRange": [77, 87],
          "type": "WheelSlot",
          "slotNumber": 4.5
        },
        {
          "dmxRange": [88, 98],
          "type": "WheelSlot",
          "slotNumber": 5
        },
        {
          "dmxRange": [99, 109],
          "type": "WheelSlot",
          "slotNumber": 5.5
        },
        {
          "dmxRange": [110, 120],
          "type": "WheelSlot",
          "slotNumber": 6
        },
        {
          "dmxRange": [121, 131],
          "type": "WheelSlot",
          "slotNumber": 6.5
        },
        {
          "dmxRange": [132, 142],
          "type": "WheelSlot",
          "slotNumber": 7
        },
        {
          "dmxRange": [143, 153],
          "type": "WheelSlot",
          "slotNumber": 7.5
        },
        {
          "dmxRange": [154, 159],
          "type": "WheelSlot",
          "slotNumber": 8
        },
        {
          "dmxRange": [160, 207],
          "type": "WheelRotation",
          "speedStart": "slow CW",
          "speedEnd": "fast CW"
        },
        {
          "dmxRange": [208, 255],
          "type": "WheelRotation",
          "speedStart": "slow CCW",
          "speedEnd": "fast CCW"
        }
      ]
    },
    "Gobo Wheel": {
      "capabilities": [
        {
          "dmxRange": [0, 9],
          "type": "WheelSlot",
          "slotNumber": 1
        },
        {
          "dmxRange": [10, 19],
          "type": "WheelSlot",
          "slotNumber": 2
        },
        {
          "dmxRange": [20, 29],
          "type": "WheelSlot",
          "slotNumber": 3
        },
        {
          "dmxRange": [30, 39],
          "type": "WheelSlot",
          "slotNumber": 4
        },
        {
          "dmxRange": [40, 49],
          "type": "WheelSlot",
          "slotNumber": 5
        },
        {
          "dmxRange": [50, 59],
          "type": "WheelSlot",
          "slotNumber": 6
        },
        {
          "dmxRange": [60, 69],
          "type": "WheelSlot",
          "slotNumber": 7
        },
        {
          "dmxRange": [70, 79],
          "type": "WheelSlot",
          "slotNumber": 8
        },
        {
          "dmxRange": [80, 89],
          "type": "WheelShake",
          "slotNumber": 8
        },
        {
          "dmxRange": [90, 99],
          "type": "WheelShake",
          "slotNumber": 7
        },
        {
          "dmxRange": [100, 109],
          "type": "WheelShake",
          "slotNumber": 6
        },
        {
          "dmxRange": [110, 119],
          "type": "WheelShake",
          "slotNumber": 5
        },
        {
          "dmxRange": [120, 129],
          "type": "WheelShake",
          "slotNumber": 4
        },
        {
          "dmxRange": [130, 139],
          "type": "WheelShake",
          "slotNumber": 3
        },
        {
          "dmxRange": [140, 149],
          "type": "WheelShake",
          "slotNumber": 2
        },
        {
          "dmxRange": [150, 202],
          "type": "WheelRotation",
          "speedStart": "slow CW",
          "speedEnd": "fast CW"
        },
        {
          "dmxRange": [203, 255],
          "type": "WheelRotation",
          "speedStart": "slow CCW",
          "speedEnd": "fast CCW"
        }
      ]
    },
    "Shutter / Strobe": {
      "capabilities": [
        {
          "dmxRange": [0, 0],
          "type": "NoFunction"
        },
        {
          "dmxRange": [1, 255],
          "type": "ShutterStrobe",
          "shutterEffect": "Strobe",
          "speedStart": "slow",
          "speedEnd": "fast"
        }
      ]
    },
    "Dimmer": {
      "capability": {
        "type": "Intensity"
      }
    },
    "Pan/Tilt Speed": {
      "capability": {
        "type": "PanTiltSpeed",
        "speedStart": "slow",
        "speedEnd": "fast"
      }
    },
    "Internal Programs": {
      "capabilities": [
        {
          "dmxRange": [0, 50],
          "type": "NoFunction"
        },
        {
          "dmxRange": [51, 151],
          "type": "Effect",
          "effectName": "Fast Moving"
        },
        {
          "dmxRange": [152, 255],
          "type": "Effect",
          "effectName": "Sound Control",
          "soundControlled": true
        }
      ]
    },
    "Reset": {
      "capabilities": [
        {
          "dmxRange": [0, 254],
          "type": "NoFunction"
        },
        {
          "dmxRange": [255, 255],
          "type": "Maintenance",
          "comment": "Reset"
        }
      ]
    }
  },
  "modes": [
    {
      "name": "11-channel",
      "shortName": "11ch",
      "channels": [
        "Pan",
        "Pan fine",
        "Tilt",
        "Tilt fine",
        "Color Wheel",
        "Gobo Wheel",
        "Shutter / Strobe",
        "Dimmer",
        "Pan/Tilt Speed",
        "Internal Programs",
        "Reset"
      ]
    }
  ],
  "fixtureKey": "hy-g60",
  "manufacturerKey": "hong-yi",
  "oflURL": "https://open-fixture-library.org/hong-yi/hy-g60"
}
