{
  "$schema": "https://raw.githubusercontent.com/OpenLightingProject/open-fixture-library/schema-12.4.0/schemas/fixture.json",
  "name": "LED Par 18x18W",
  "shortName": "SheHds18x18",
  "categories": ["Color Changer"],
  "meta": {
    "authors": ["Jay3"],
    "createDate": "2022-11-06",
    "lastModifyDate": "2022-11-06"
  },
  "links": {
    "manual": [
      "https://ueeshop.ly200-cdn.com/u_file/UPAG/UPAG904/1912/file/c80fe135df.pdf"
    ],
    "productPage": [
      "https://www.shehds.com/products/aluminum-alloy-led-flat-par-18x18w-lighting-dj-par-cans-dmx-512-light-wash-stage-lighting"
    ],
    "video": [
      "https://www.youtube.com/watch?v=k7ynAEIPEuE"
    ]
  },
  "physical": {
    "dimensions": [200, 265, 115],
    "weight": 3.15,
    "power": 324,
    "DMXconnector": "3-pin",
    "bulb": {
      "type": "LED"
    }
  },
  "availableChannels": {
    "Dimmer": {
      "capability": {
        "type": "Intensity"
      }
    },
    "Red": {
      "capability": {
        "type": "ColorIntensity",
        "color": "Red"
      }
    },
    "Green": {
      "capability": {
        "type": "ColorIntensity",
        "color": "Green"
      }
    },
    "Blue": {
      "capability": {
        "type": "ColorIntensity",
        "color": "Blue"
      }
    },
    "White": {
      "capability": {
        "type": "ColorIntensity",
        "color": "White"
      }
    },
    "Amber": {
      "capability": {
        "type": "ColorIntensity",
        "color": "Amber"
      }
    },
    "UV": {
      "capability": {
        "type": "ColorIntensity",
        "color": "UV"
      }
    },
    "Strobe": {
      "capability": {
        "type": "ShutterStrobe",
        "shutterEffect": "Strobe",
        "speedStart": "0Hz",
        "speedEnd": "10Hz",
        "helpWanted": "At which DMX values is the strobe effect disabled?"
      }
    },
    "Color Macros": {
      "capabilities": [
        {
          "dmxRange": [0, 50],
          "type": "NoFunction"
        },
        {
          "dmxRange": [51, 100],
          "type": "Effect",
          "effectPreset": "ColorJump"
        },
        {
          "dmxRange": [101, 150],
          "type": "Effect",
          "effectPreset": "ColorFade"
        },
        {
          "dmxRange": [151, 200],
          "type": "Effect",
          "effectName": "Color Pulse"
        },
        {
          "dmxRange": [201, 255],
          "type": "Effect",
          "effectName": "Sound control",
          "soundControlled": true
        }
      ]
    },
    "Program Speed": {
      "capability": {
        "type": "EffectSpeed",
        "speedStart": "slow",
        "speedEnd": "fast"
      }
    }
  },
  "modes": [
    {
      "name": "10-channel",
      "shortName": "10ch",
      "channels": [
        "Dimmer",
        "Red",
        "Green",
        "Blue",
        "White",
        "Amber",
        "UV",
        "Strobe",
        "Color Macros",
        "Program Speed"
      ]
    },
    {
      "name": "6-channel",
      "shortName": "6ch",
      "channels": [
        "Red",
        "Green",
        "Blue",
        "White",
        "Amber",
        "UV"
      ]
    }
  ],
  "fixtureKey": "led-par-18x18w",
  "manufacturerKey": "shehds",
  "oflURL": "https://open-fixture-library.org/shehds/led-par-18x18w"
}
