{
  "$schema": "https://raw.githubusercontent.com/OpenLightingProject/open-fixture-library/schema-12.4.0/schemas/fixture.json",
  "name": "Bee 50-C",
  "categories": ["Dimmer", "Color Changer"],
  "meta": {
    "authors": ["Dyami Caliri"],
    "createDate": "2021-02-20",
    "lastModifyDate": "2021-02-20"
  },
  "links": {
    "manual": [
      "https://drive.google.com/file/d/1pJK6BaAhvOGTwMP1VhfO8GH25YicCDwS/view"
    ],
    "productPage": [
      "https://hivelighting.com/c-series/bee-50-c/"
    ],
    "video": [
      "https://www.youtube.com/watch?v=HHbsbvlReC0"
    ]
  },
  "physical": {
    "dimensions": [100, 100, 136],
    "weight": 0.7,
    "power": 40,
    "DMXconnector": "5-pin",
    "bulb": {
      "type": "LED"
    },
    "lens": {
      "degreesMinMax": [13, 180]
    }
  },
  "availableChannels": {
    "Intensity": {
      "defaultValue": 0,
      "highlightValue": 255,
      "capability": {
        "type": "Intensity"
      }
    },
    "CCT": {
      "capability": {
        "type": "ColorTemperature",
        "colorTemperatureStart": "1650K",
        "colorTemperatureEnd": "8025K"
      }
    },
    "Hue": {
      "defaultValue": 0,
      "capability": {
        "type": "Generic",
        "comment": "0…360°"
      }
    },
    "Saturation": {
      "defaultValue": 0,
      "capability": {
        "type": "Generic",
        "comment": "0…100%"
      }
    },
    "Red": {
      "defaultValue": 0,
      "capability": {
        "type": "ColorIntensity",
        "color": "Red"
      }
    },
    "Green": {
      "defaultValue": 0,
      "capability": {
        "type": "ColorIntensity",
        "color": "Green"
      }
    },
    "Blue": {
      "defaultValue": 0,
      "capability": {
        "type": "ColorIntensity",
        "color": "Blue"
      }
    },
    "Sources": {
      "name": "Pre-Mixed Color",
      "defaultValue": 0,
      "capabilities": [
        {
          "dmxRange": [0, 10],
          "type": "NoFunction"
        },
        {
          "dmxRange": [11, 15],
          "type": "ColorPreset",
          "colors": ["#f20dcc"],
          "comment": "Violet Glow Stick"
        },
        {
          "dmxRange": [16, 21],
          "type": "ColorPreset",
          "colors": ["#f9066b"],
          "comment": "Pink Glow Stick"
        },
        {
          "dmxRange": [22, 27],
          "type": "ColorPreset",
          "colors": ["#daec13"],
          "comment": "Yellow Glow Stick"
        },
        {
          "dmxRange": [28, 34],
          "type": "ColorPreset",
          "colors": ["#ff0000"],
          "comment": "Red Glow Stick"
        },
        {
          "dmxRange": [35, 41],
          "type": "ColorPreset",
          "colors": ["#00fff7"],
          "comment": "Green Glow Stick"
        },
        {
          "dmxRange": [42, 46],
          "type": "ColorPreset",
          "colors": ["#0055ff"],
          "comment": "Blue Glow Stick"
        },
        {
          "dmxRange": [47, 52],
          "type": "ColorPreset",
          "colors": ["#f2330d"],
          "comment": "Red Traffic Light"
        },
        {
          "dmxRange": [53, 58],
          "type": "ColorPreset",
          "colors": ["#b9f20d"],
          "comment": "Yellow Traffic Light"
        },
        {
          "dmxRange": [59, 64],
          "type": "ColorPreset",
          "colors": ["#03fcf4"],
          "comment": "Green Traffic Light"
        },
        {
          "dmxRange": [65, 70],
          "type": "ColorPreset",
          "colors": ["#f2cc0d"],
          "comment": "Amber Caution"
        },
        {
          "dmxRange": [71, 76],
          "type": "ColorPreset",
          "colors": ["#ec1313"],
          "comment": "Road Flare"
        },
        {
          "dmxRange": [77, 82],
          "type": "ColorPreset",
          "colors": ["#0da6f2"],
          "comment": "Blowtorch"
        },
        {
          "dmxRange": [83, 88],
          "type": "ColorPreset",
          "colors": ["#04f3fb"],
          "comment": "Luminescence"
        },
        {
          "dmxRange": [89, 94],
          "type": "ColorPreset",
          "colors": ["#99666f"],
          "comment": "Computer Monitor"
        },
        {
          "dmxRange": [95, 100],
          "type": "ColorPreset",
          "colors": ["#7b738c"],
          "comment": "Mobile Phone"
        },
        {
          "dmxRange": [101, 106],
          "type": "ColorPreset",
          "colors": ["#667f99"],
          "comment": "Sun Blue Hour"
        },
        {
          "dmxRange": [107, 112],
          "type": "ColorPreset",
          "colors": ["#8c8073"],
          "comment": "Sun Overcast"
        },
        {
          "dmxRange": [113, 123],
          "type": "ColorPreset",
          "colors": ["#808080"],
          "comment": "Sun Direct"
        },
        {
          "dmxRange": [124, 130],
          "type": "ColorPreset",
          "colors": ["#8c737b"],
          "comment": "Gas Light"
        },
        {
          "dmxRange": [131, 136],
          "type": "ColorPreset",
          "colors": ["#aabf40"],
          "comment": "Candlelight"
        },
        {
          "dmxRange": [137, 142],
          "type": "ColorPreset",
          "colors": ["#919966"],
          "comment": "Antique Bulb"
        },
        {
          "dmxRange": [143, 148],
          "type": "ColorPreset",
          "colors": ["#889966"],
          "comment": "Warm Antique Bulb"
        },
        {
          "dmxRange": [149, 154],
          "type": "ColorPreset",
          "colors": ["#848c73"],
          "comment": "Christmas Lights"
        },
        {
          "dmxRange": [155, 160],
          "type": "ColorPreset",
          "colors": ["#69705c"],
          "comment": "Night Light"
        },
        {
          "dmxRange": [161, 166],
          "type": "ColorPreset",
          "colors": ["#cc2200"],
          "comment": "Heat Lamp"
        },
        {
          "dmxRange": [167, 177],
          "type": "ColorPreset",
          "colors": ["#26d9bb"],
          "comment": "Grow Light"
        },
        {
          "dmxRange": [178, 184],
          "type": "ColorPreset",
          "colors": ["#86797b"],
          "comment": "Tungsten Bulb"
        },
        {
          "dmxRange": [185, 190],
          "type": "ColorPreset",
          "colors": ["#808080"],
          "comment": "Incandescent"
        },
        {
          "dmxRange": [191, 196],
          "type": "ColorPreset",
          "colors": ["#867d79"],
          "comment": "Halogen"
        },
        {
          "dmxRange": [197, 202],
          "type": "ColorPreset",
          "colors": ["#666f99"],
          "comment": "HMI"
        },
        {
          "dmxRange": [203, 208],
          "type": "ColorPreset",
          "colors": ["#dbf20d"],
          "comment": "High Pressure Sodium Vapor"
        },
        {
          "dmxRange": [209, 214],
          "type": "ColorPreset",
          "colors": ["#e5e619"],
          "comment": "Low Pressure Sodium Vapor"
        },
        {
          "dmxRange": [215, 220],
          "type": "ColorPreset",
          "colors": ["#59a6a6"],
          "comment": "Mercury Vapor"
        },
        {
          "dmxRange": [221, 225],
          "type": "ColorPreset",
          "colors": ["#59a699"],
          "comment": "Metal Halide"
        },
        {
          "dmxRange": [226, 230],
          "type": "ColorPreset",
          "colors": ["#996666"],
          "comment": "Ceramic"
        },
        {
          "dmxRange": [231, 235],
          "type": "ColorPreset",
          "colors": ["#84738c"],
          "comment": "Carbon Arc"
        },
        {
          "dmxRange": [236, 240],
          "type": "ColorPreset",
          "colors": ["#84738c"],
          "comment": "Xenon"
        },
        {
          "dmxRange": [241, 245],
          "type": "ColorPreset",
          "colors": ["#5500ff"],
          "comment": "Blacklight"
        },
        {
          "dmxRange": [246, 250],
          "type": "ColorPreset",
          "colors": ["#609f67"],
          "comment": "Cool White Fluorescent"
        },
        {
          "dmxRange": [251, 255],
          "type": "ColorPreset",
          "colors": ["#609f67"],
          "comment": "Warm White Fluorescent"
        }
      ]
    },
    "Corrective": {
      "name": "Gel Color",
      "defaultValue": 0,
      "capabilities": [
        {
          "dmxRange": [0, 10],
          "type": "NoFunction"
        },
        {
          "dmxRange": [11, 20],
          "type": "Generic",
          "comment": "Full +Green Daylight"
        },
        {
          "dmxRange": [21, 30],
          "type": "Generic",
          "comment": "1/2 +Green Daylight"
        },
        {
          "dmxRange": [31, 40],
          "type": "Generic",
          "comment": "1/4 +Green Daylight"
        },
        {
          "dmxRange": [41, 50],
          "type": "Generic",
          "comment": "1/8 +Green Daylight"
        },
        {
          "dmxRange": [51, 60],
          "type": "Generic",
          "comment": "Full +Green Tungsten"
        },
        {
          "dmxRange": [61, 70],
          "type": "Generic",
          "comment": "1/2 +Green Tungsten"
        },
        {
          "dmxRange": [71, 80],
          "type": "Generic",
          "comment": "1/4 +Green Tungsten"
        },
        {
          "dmxRange": [81, 90],
          "type": "Generic",
          "comment": "1/8 +Green Tungsten"
        },
        {
          "dmxRange": [91, 100],
          "type": "Generic",
          "comment": "Full -Green Daylight"
        },
        {
          "dmxRange": [101, 110],
          "type": "Generic",
          "comment": "1/2 -Green Daylight"
        },
        {
          "dmxRange": [111, 120],
          "type": "Generic",
          "comment": "1/4 -Green Daylight"
        },
        {
          "dmxRange": [121, 130],
          "type": "Generic",
          "comment": "1/8 -Green Daylight"
        },
        {
          "dmxRange": [131, 140],
          "type": "Generic",
          "comment": "Full -Green Tungsten"
        },
        {
          "dmxRange": [141, 150],
          "type": "Generic",
          "comment": "1/2 -Green Tungsten"
        },
        {
          "dmxRange": [151, 160],
          "type": "Generic",
          "comment": "1/4 -Green Tungsten"
        },
        {
          "dmxRange": [161, 170],
          "type": "Generic",
          "comment": "1/8 -Green Tungsten"
        },
        {
          "dmxRange": [171, 180],
          "type": "Generic",
          "comment": "Full CTS Daylight"
        },
        {
          "dmxRange": [181, 190],
          "type": "Generic",
          "comment": "1/2 CTS Daylight"
        },
        {
          "dmxRange": [191, 200],
          "type": "Generic",
          "comment": "1/4 CTS Daylight"
        },
        {
          "dmxRange": [201, 210],
          "type": "Generic",
          "comment": "1/8 CTS Daylight"
        },
        {
          "dmxRange": [211, 220],
          "type": "Generic",
          "comment": "Full CTS Tungsten"
        },
        {
          "dmxRange": [221, 230],
          "type": "Generic",
          "comment": "1/2 CTS Tungsten"
        },
        {
          "dmxRange": [231, 240],
          "type": "Generic",
          "comment": "1/4 CTS Tungsten"
        },
        {
          "dmxRange": [241, 255],
          "type": "Generic",
          "comment": "1/8 CTS Tungsten"
        }
      ]
    },
    "EFX": {
      "name": "Effect",
      "defaultValue": 0,
      "capabilities": [
        {
          "dmxRange": [0, 10],
          "type": "NoFunction"
        },
        {
          "dmxRange": [11, 28],
          "type": "Effect",
          "effectName": "Police Car 1"
        },
        {
          "dmxRange": [29, 46],
          "type": "Effect",
          "effectName": "Police Car 2"
        },
        {
          "dmxRange": [47, 64],
          "type": "Effect",
          "effectName": "Emergency 1"
        },
        {
          "dmxRange": [65, 82],
          "type": "Effect",
          "effectName": "Emergency 2"
        },
        {
          "dmxRange": [83, 100],
          "type": "Effect",
          "effectName": "Emergency 3"
        },
        {
          "dmxRange": [101, 118],
          "type": "Effect",
          "effectName": "Club Lights"
        },
        {
          "dmxRange": [119, 136],
          "type": "Effect",
          "effectName": "Paparazzi"
        },
        {
          "dmxRange": [137, 154],
          "type": "Effect",
          "effectName": "Color Chase"
        },
        {
          "dmxRange": [155, 172],
          "type": "Effect",
          "effectName": "Fire"
        },
        {
          "dmxRange": [173, 190],
          "type": "Effect",
          "effectName": "Fireworks"
        },
        {
          "dmxRange": [191, 208],
          "type": "Effect",
          "effectName": "Pulsing"
        },
        {
          "dmxRange": [209, 226],
          "type": "Effect",
          "effectName": "TV"
        },
        {
          "dmxRange": [227, 255],
          "type": "Effect",
          "effectName": "Lightning"
        }
      ]
    },
    "EFX Speed": {
      "name": "Effect Speed",
      "defaultValue": 0,
      "capability": {
        "type": "EffectSpeed",
        "speedStart": "slow",
        "speedEnd": "fast"
      }
    }
  },
  "modes": [
    {
      "name": "HSI",
      "shortName": "HSI",
      "channels": [
        "Intensity",
        "CCT",
        "Saturation",
        "Hue"
      ]
    },
    {
      "name": "RGB+CCT",
      "shortName": "RGB+CCT",
      "channels": [
        "Intensity",
        "CCT",
        "Red",
        "Green",
        "Blue"
      ]
    },
    {
      "name": "FX+",
      "shortName": "FX+",
      "channels": [
        "Intensity",
        "CCT",
        "Saturation",
        "Hue",
        "Sources",
        "Corrective",
        "EFX",
        "EFX Speed"
      ]
    }
  ],
  "fixtureKey": "bee-50-c",
  "manufacturerKey": "hive",
  "oflURL": "https://open-fixture-library.org/hive/bee-50-c"
}
