{
  "$schema": "https://raw.githubusercontent.com/OpenLightingProject/open-fixture-library/schema-12.4.0/schemas/fixture.json",
  "name": "LED BAR 123 FC IP",
  "categories": ["Pixel Bar", "Color Changer"],
  "meta": {
    "authors": ["Nils Van Zuijlen"],
    "createDate": "2018-04-22",
    "lastModifyDate": "2018-08-24"
  },
  "links": {
    "manual": [
      "http://sunlight-online.de/pdf/LEDBAR123FC.pdf"
    ],
    "video": [
      "https://www.youtube.com/watch?v=O7XbNMwKWI0"
    ]
  },
  "physical": {
    "dimensions": [114, 120, 120],
    "weight": 3.8,
    "power": 30,
    "DMXconnector": "3-pin XLR IP65",
    "bulb": {
      "type": "12×tri-3W LED"
    },
    "lens": {
      "degreesMinMax": [40, 40]
    }
  },
  "matrix": {
    "pixelCount": [
      12,
      1,
      1
    ],
    "pixelGroups": {
      "Master": "all"
    }
  },
  "availableChannels": {
    "Dimmer": {
      "defaultValue": 0,
      "precedence": "LTP",
      "capability": {
        "type": "Intensity"
      }
    },
    "Macro": {
      "defaultValue": 0,
      "precedence": "LTP",
      "capabilities": [
        {
          "dmxRange": [0, 6],
          "type": "NoFunction"
        },
        {
          "dmxRange": [7, 13],
          "type": "Effect",
          "effectName": "Program 1"
        },
        {
          "dmxRange": [14, 20],
          "type": "Effect",
          "effectName": "Program 2"
        },
        {
          "dmxRange": [21, 27],
          "type": "Effect",
          "effectName": "Program 3"
        },
        {
          "dmxRange": [28, 34],
          "type": "Effect",
          "effectName": "Program 4"
        },
        {
          "dmxRange": [35, 41],
          "type": "Effect",
          "effectName": "Program 5"
        },
        {
          "dmxRange": [42, 48],
          "type": "Effect",
          "effectName": "Program 6"
        },
        {
          "dmxRange": [49, 55],
          "type": "Effect",
          "effectName": "Program 7"
        },
        {
          "dmxRange": [56, 62],
          "type": "Effect",
          "effectName": "Program 8"
        },
        {
          "dmxRange": [63, 69],
          "type": "Effect",
          "effectName": "Program 9"
        },
        {
          "dmxRange": [70, 76],
          "type": "Effect",
          "effectName": "Program 10"
        },
        {
          "dmxRange": [77, 83],
          "type": "Effect",
          "effectName": "Program 11"
        },
        {
          "dmxRange": [84, 90],
          "type": "Effect",
          "effectName": "Program 12"
        },
        {
          "dmxRange": [91, 97],
          "type": "Effect",
          "effectName": "Program 13"
        },
        {
          "dmxRange": [98, 104],
          "type": "Effect",
          "effectName": "Program 14"
        },
        {
          "dmxRange": [105, 111],
          "type": "Effect",
          "effectName": "Program 15"
        },
        {
          "dmxRange": [112, 118],
          "type": "Effect",
          "effectName": "Program 16"
        },
        {
          "dmxRange": [119, 125],
          "type": "Effect",
          "effectName": "Program 17"
        },
        {
          "dmxRange": [126, 132],
          "type": "Effect",
          "effectName": "Program 18"
        },
        {
          "dmxRange": [133, 139],
          "type": "Effect",
          "effectName": "Program 19"
        },
        {
          "dmxRange": [140, 146],
          "type": "Effect",
          "effectName": "Program 20"
        },
        {
          "dmxRange": [147, 153],
          "type": "Effect",
          "effectName": "Program 21"
        },
        {
          "dmxRange": [154, 160],
          "type": "Effect",
          "effectName": "Program 22"
        },
        {
          "dmxRange": [161, 167],
          "type": "Effect",
          "effectName": "Program 23"
        },
        {
          "dmxRange": [168, 174],
          "type": "Effect",
          "effectName": "Program 24"
        },
        {
          "dmxRange": [175, 181],
          "type": "Effect",
          "effectName": "Program 25"
        },
        {
          "dmxRange": [182, 188],
          "type": "Effect",
          "effectName": "Program 26"
        },
        {
          "dmxRange": [189, 195],
          "type": "Effect",
          "effectName": "Program 27"
        },
        {
          "dmxRange": [196, 202],
          "type": "Effect",
          "effectName": "Program 28"
        },
        {
          "dmxRange": [203, 209],
          "type": "Effect",
          "effectName": "Program 29"
        },
        {
          "dmxRange": [210, 216],
          "type": "Effect",
          "effectName": "Program 30"
        },
        {
          "dmxRange": [217, 223],
          "type": "Effect",
          "effectName": "Program 31"
        },
        {
          "dmxRange": [224, 230],
          "type": "Effect",
          "effectName": "Program 32"
        },
        {
          "dmxRange": [231, 237],
          "type": "Effect",
          "effectName": "Program 33"
        },
        {
          "dmxRange": [238, 244],
          "type": "Effect",
          "effectName": "Program 34"
        },
        {
          "dmxRange": [245, 255],
          "type": "Effect",
          "effectName": "Program 35"
        }
      ]
    },
    "Macro Speed": {
      "defaultValue": 0,
      "precedence": "LTP",
      "capability": {
        "type": "EffectSpeed",
        "speedStart": "slow",
        "speedEnd": "fast"
      }
    },
    "Strobe": {
      "defaultValue": 0,
      "precedence": "LTP",
      "capabilities": [
        {
          "dmxRange": [0, 15],
          "type": "NoFunction"
        },
        {
          "dmxRange": [16, 255],
          "type": "ShutterStrobe",
          "shutterEffect": "Strobe"
        }
      ]
    }
  },
  "templateChannels": {
    "Red $pixelKey": {
      "defaultValue": 0,
      "precedence": "LTP",
      "capability": {
        "type": "ColorIntensity",
        "color": "Red"
      }
    },
    "Green $pixelKey": {
      "defaultValue": 0,
      "precedence": "LTP",
      "capability": {
        "type": "ColorIntensity",
        "color": "Green"
      }
    },
    "Blue $pixelKey": {
      "defaultValue": 0,
      "precedence": "LTP",
      "capability": {
        "type": "ColorIntensity",
        "color": "Blue"
      }
    }
  },
  "modes": [
    {
      "name": "3-channel",
      "shortName": "3ch",
      "channels": [
        "Red Master",
        "Green Master",
        "Blue Master"
      ]
    },
    {
      "name": "7-channel",
      "shortName": "7ch",
      "channels": [
        "Red Master",
        "Green Master",
        "Blue Master",
        "Dimmer",
        "Macro",
        "Macro Speed",
        "Strobe"
      ]
    },
    {
      "name": "36-channel",
      "shortName": "36ch",
      "channels": [
        {
          "insert": "matrixChannels",
          "repeatFor": "eachPixelXYZ",
          "channelOrder": "perPixel",
          "templateChannels": [
            "Red $pixelKey",
            "Green $pixelKey",
            "Blue $pixelKey"
          ]
        }
      ]
    }
  ],
  "fixtureKey": "led-bar-123-fc-ip",
  "manufacturerKey": "nicols",
  "oflURL": "https://open-fixture-library.org/nicols/led-bar-123-fc-ip"
}
