{
  "$schema": "https://raw.githubusercontent.com/OpenLightingProject/open-fixture-library/schema-12.4.0/schemas/fixture.json",
  "name": "PAR 180 COB 3in1",
  "shortName": "PAR180",
  "categories": ["Color Changer"],
  "meta": {
    "authors": ["Sergio Collantes"],
    "createDate": "2019-07-31",
    "lastModifyDate": "2019-07-31"
  },
  "links": {
    "manual": [
      "https://drive.google.com/drive/folders/1MNU9qpVMQ3880Og8qXIOpQl60UShyjXo"
    ]
  },
  "physical": {
    "dimensions": [220, 220, 90],
    "weight": 1.5,
    "power": 150,
    "DMXconnector": "3-pin",
    "bulb": {
      "type": "3× 30W COB RGB LED"
    },
    "lens": {
      "degreesMinMax": [80, 80]
    }
  },
  "availableChannels": {
    "Dimmer": {
      "defaultValue": 0,
      "capability": {
        "type": "Intensity"
      }
    },
    "Strobe": {
      "defaultValue": 0,
      "capabilities": [
        {
          "dmxRange": [0, 0],
          "type": "NoFunction"
        },
        {
          "dmxRange": [1, 255],
          "type": "ShutterStrobe",
          "shutterEffect": "Strobe",
          "speedStart": "slow",
          "speedEnd": "fast"
        }
      ]
    },
    "Mode": {
      "defaultValue": 0,
      "capabilities": [
        {
          "dmxRange": [0, 50],
          "type": "NoFunction",
          "comment": "Manual Mode"
        },
        {
          "dmxRange": [51, 100],
          "type": "Effect",
          "effectPreset": "ColorJump"
        },
        {
          "dmxRange": [101, 150],
          "type": "Effect",
          "effectPreset": "ColorFade"
        },
        {
          "dmxRange": [151, 200],
          "type": "Effect",
          "effectName": "Sound Activate",
          "soundControlled": true
        },
        {
          "dmxRange": [201, 255],
          "type": "ShutterStrobe",
          "shutterEffect": "Strobe",
          "comment": "Color"
        }
      ]
    },
    "FX Speed": {
      "capability": {
        "type": "EffectSpeed",
        "speedStart": "slow",
        "speedEnd": "fast"
      }
    },
    "Red": {
      "defaultValue": 0,
      "capability": {
        "type": "ColorIntensity",
        "color": "Red"
      }
    },
    "Green": {
      "defaultValue": 0,
      "capability": {
        "type": "ColorIntensity",
        "color": "Green"
      }
    },
    "Blue": {
      "defaultValue": 0,
      "capability": {
        "type": "ColorIntensity",
        "color": "Blue"
      }
    }
  },
  "modes": [
    {
      "name": "7-channel",
      "shortName": "7ch",
      "channels": [
        "Dimmer",
        "Strobe",
        "Mode",
        "FX Speed",
        "Red",
        "Green",
        "Blue"
      ]
    }
  ],
  "fixtureKey": "par-180-cob-3in1",
  "manufacturerKey": "acoustic-control",
  "oflURL": "https://open-fixture-library.org/acoustic-control/par-180-cob-3in1"
}
