{
  "$schema": "https://raw.githubusercontent.com/OpenLightingProject/open-fixture-library/schema-12.4.0/schemas/fixture.json",
  "name": "Archi Painter 24/8 Q4",
  "shortName": "6ch",
  "categories": ["Blinder", "Color Changer"],
  "meta": {
    "authors": ["1st truc"],
    "createDate": "2019-05-17",
    "lastModifyDate": "2019-05-17"
  },
  "comment": "Ordercode 40915",
  "links": {
    "manual": [
      "https://www.highlite.com/media/attachments/MANUAL/40915_MANUAL_GB_V1.pdf"
    ],
    "video": [
      "https://www.youtube.com/watch?v=VjIP45vs_mk"
    ]
  },
  "physical": {
    "dimensions": [430, 425, 265],
    "weight": 16,
    "power": 140,
    "DMXconnector": "3-pin",
    "bulb": {
      "type": "24× 8W RGBW LEDs"
    },
    "lens": {
      "degreesMinMax": [45, 45]
    }
  },
  "availableChannels": {
    "Red": {
      "capability": {
        "type": "ColorIntensity",
        "color": "Red"
      }
    },
    "Green": {
      "capability": {
        "type": "ColorIntensity",
        "color": "Green"
      }
    },
    "Blue": {
      "capability": {
        "type": "ColorIntensity",
        "color": "Blue"
      }
    },
    "White": {
      "capability": {
        "type": "ColorIntensity",
        "color": "White"
      }
    },
    "Dimmer": {
      "capability": {
        "type": "Intensity"
      }
    },
    "Strobe": {
      "capability": {
        "type": "ShutterStrobe",
        "shutterEffect": "Strobe",
        "speedStart": "0Hz",
        "speedEnd": "20Hz"
      }
    },
    "Functions": {
      "defaultValue": 0,
      "capabilities": [
        {
          "dmxRange": [0, 4],
          "type": "NoFunction"
        },
        {
          "dmxRange": [5, 9],
          "type": "ColorPreset",
          "comment": "Red",
          "colors": ["#ff0000"]
        },
        {
          "dmxRange": [10, 14],
          "type": "ColorPreset",
          "comment": "Yellow",
          "colors": ["#ffff00"]
        },
        {
          "dmxRange": [15, 19],
          "type": "ColorPreset",
          "comment": "Fawn",
          "colors": ["#e5aa70"]
        },
        {
          "dmxRange": [20, 24],
          "type": "ColorPreset",
          "comment": "Green",
          "colors": ["#00ff00"]
        },
        {
          "dmxRange": [25, 29],
          "type": "ColorPreset",
          "comment": "Cyan",
          "colors": ["#00ffff"]
        },
        {
          "dmxRange": [30, 34],
          "type": "ColorPreset",
          "comment": "Blue",
          "colors": ["#0000ff"]
        },
        {
          "dmxRange": [35, 39],
          "type": "ColorPreset",
          "comment": "Purple",
          "colors": ["#aa00ff"]
        },
        {
          "dmxRange": [40, 44],
          "type": "ColorPreset",
          "comment": "Rosiness",
          "colors": ["#ffbbdd"]
        },
        {
          "dmxRange": [45, 49],
          "type": "ColorPreset",
          "comment": "Amber",
          "colors": ["#ffaa00"]
        },
        {
          "dmxRange": [50, 54],
          "type": "ColorPreset",
          "comment": "Pink",
          "colors": ["#ff00cc"]
        },
        {
          "dmxRange": [55, 59],
          "type": "ColorPreset",
          "comment": "Tin Green",
          "colors": ["#88bb88"]
        },
        {
          "dmxRange": [60, 64],
          "type": "ColorPreset",
          "comment": "Baby blue",
          "colors": ["#66ccff"]
        },
        {
          "dmxRange": [65, 69],
          "type": "ColorPreset",
          "comment": "White 1",
          "colors": ["#ffffff"]
        },
        {
          "dmxRange": [70, 74],
          "type": "ColorPreset",
          "comment": "White 2",
          "colors": ["#ffffff"]
        },
        {
          "dmxRange": [75, 79],
          "type": "ColorPreset",
          "comment": "White 3",
          "colors": ["#ffffff"]
        },
        {
          "dmxRange": [80, 89],
          "type": "Effect",
          "effectName": "Program 2"
        },
        {
          "dmxRange": [90, 99],
          "type": "Effect",
          "effectName": "Program 3"
        },
        {
          "dmxRange": [100, 109],
          "type": "Effect",
          "effectName": "Program 4"
        },
        {
          "dmxRange": [110, 119],
          "type": "Effect",
          "effectName": "Program 5"
        },
        {
          "dmxRange": [120, 129],
          "type": "Effect",
          "effectName": "Program 6"
        },
        {
          "dmxRange": [130, 139],
          "type": "Effect",
          "effectName": "Program 7"
        },
        {
          "dmxRange": [140, 149],
          "type": "Effect",
          "effectName": "Program 8"
        },
        {
          "dmxRange": [150, 159],
          "type": "Effect",
          "effectName": "Program 9"
        },
        {
          "dmxRange": [160, 169],
          "type": "Effect",
          "effectName": "Program 10"
        },
        {
          "dmxRange": [170, 179],
          "type": "Effect",
          "effectName": "Program 11"
        },
        {
          "dmxRange": [180, 189],
          "type": "Effect",
          "effectName": "Program 12"
        },
        {
          "dmxRange": [190, 199],
          "type": "Effect",
          "effectName": "Program 13"
        },
        {
          "dmxRange": [200, 209],
          "type": "Effect",
          "effectName": "Program 14"
        },
        {
          "dmxRange": [210, 219],
          "type": "Effect",
          "effectName": "Program 15"
        },
        {
          "dmxRange": [220, 229],
          "type": "Effect",
          "effectName": "Program 16"
        },
        {
          "dmxRange": [230, 239],
          "type": "Effect",
          "effectName": "Program 17"
        },
        {
          "dmxRange": [240, 255],
          "type": "Effect",
          "effectName": "Program 18"
        }
      ]
    },
    "Program Speed": {
      "capability": {
        "type": "EffectSpeed",
        "speedStart": "slow",
        "speedEnd": "fast"
      }
    }
  },
  "modes": [
    {
      "name": "2-Channel",
      "shortName": "2ch",
      "channels": [
        "Functions",
        "Program Speed"
      ]
    },
    {
      "name": "4-Channel",
      "shortName": "4ch",
      "channels": [
        "Red",
        "Green",
        "Blue",
        "White"
      ]
    },
    {
      "name": "6-Channel",
      "shortName": "6ch",
      "channels": [
        "Red",
        "Green",
        "Blue",
        "White",
        "Dimmer",
        "Strobe"
      ]
    },
    {
      "name": "8-Channel",
      "shortName": "8ch",
      "channels": [
        "Red",
        "Green",
        "Blue",
        "White",
        "Dimmer",
        "Strobe",
        "Functions",
        "Program Speed"
      ]
    }
  ],
  "fixtureKey": "archi-painter-24-8-q4",
  "manufacturerKey": "showtec",
  "oflURL": "https://open-fixture-library.org/showtec/archi-painter-24-8-q4"
}
