{
  "$schema": "https://raw.githubusercontent.com/OpenLightingProject/open-fixture-library/schema-12.4.0/schemas/fixture.json",
  "name": "Club Par 12/6 RGBWAUV",
  "categories": ["Color Changer"],
  "meta": {
    "authors": ["Tobias"],
    "createDate": "2022-11-03",
    "lastModifyDate": "2022-11-07"
  },
  "links": {
    "manual": [
      "https://www.highlite.com/en/mwdownloads/download/link/id/17430150/"
    ],
    "productPage": [
      "https://www.highlite.com/en/42651-club-par-12-6-rgbwauv.html"
    ],
    "video": [
      "https://vimeo.com/129770259"
    ]
  },
  "availableChannels": {
    "Dimmer": {
      "capability": {
        "type": "Intensity"
      }
    },
    "Red": {
      "capability": {
        "type": "ColorIntensity",
        "color": "Red"
      }
    },
    "Green": {
      "capability": {
        "type": "ColorIntensity",
        "color": "Green"
      }
    },
    "Blue": {
      "capability": {
        "type": "ColorIntensity",
        "color": "Blue"
      }
    },
    "Amber": {
      "capability": {
        "type": "ColorIntensity",
        "color": "Amber"
      }
    },
    "White": {
      "capability": {
        "type": "ColorIntensity",
        "color": "White"
      }
    },
    "UV": {
      "capability": {
        "type": "ColorIntensity",
        "color": "UV"
      }
    },
    "Strobe": {
      "capabilities": [
        {
          "dmxRange": [0, 12],
          "type": "ShutterStrobe",
          "shutterEffect": "Open",
          "helpWanted": "The manual says “Closed” here, but then strobe could never be disabled. Is the light constantly on or off at DMX values 0…12 and at DMX value 255?"
        },
        {
          "dmxRange": [13, 255],
          "type": "ShutterStrobe",
          "shutterEffect": "Strobe",
          "speedStart": "1Hz",
          "speedEnd": "20Hz"
        }
      ]
    },
    "Program": {
      "capabilities": [
        {
          "dmxRange": [0, 9],
          "type": "NoFunction"
        },
        {
          "dmxRange": [10, 19],
          "type": "Effect",
          "effectName": "Program 1"
        },
        {
          "dmxRange": [20, 29],
          "type": "Effect",
          "effectName": "Program 2"
        },
        {
          "dmxRange": [30, 39],
          "type": "Effect",
          "effectName": "Program 3"
        },
        {
          "dmxRange": [40, 49],
          "type": "Effect",
          "effectName": "Program 4"
        },
        {
          "dmxRange": [50, 59],
          "type": "Effect",
          "effectName": "Program 5"
        },
        {
          "dmxRange": [60, 69],
          "type": "Effect",
          "effectName": "Program 6"
        },
        {
          "dmxRange": [70, 79],
          "type": "Effect",
          "effectName": "Program 7"
        },
        {
          "dmxRange": [80, 89],
          "type": "Effect",
          "effectName": "Program 8"
        },
        {
          "dmxRange": [90, 99],
          "type": "Effect",
          "effectName": "Program 9"
        },
        {
          "dmxRange": [100, 109],
          "type": "Effect",
          "effectName": "Program 10"
        },
        {
          "dmxRange": [110, 119],
          "type": "Effect",
          "effectName": "Program 11"
        },
        {
          "dmxRange": [120, 129],
          "type": "Effect",
          "effectName": "Program 12"
        },
        {
          "dmxRange": [130, 139],
          "type": "Effect",
          "effectName": "Program 13"
        },
        {
          "dmxRange": [140, 255],
          "type": "Effect",
          "effectName": "Sound-controlled",
          "soundControlled": true
        }
      ]
    },
    "Program Speed": {
      "capability": {
        "type": "EffectSpeed",
        "speedStart": "slow",
        "speedEnd": "fast"
      }
    },
    "Program Duration": {
      "capability": {
        "type": "EffectDuration",
        "durationStart": "instant",
        "durationEnd": "long"
      }
    }
  },
  "modes": [
    {
      "name": "6-channel",
      "shortName": "6ch",
      "channels": [
        "Red",
        "Green",
        "Blue",
        "Amber",
        "White",
        "UV"
      ]
    },
    {
      "name": "11-channel",
      "shortName": "11ch",
      "channels": [
        "Dimmer",
        "Red",
        "Green",
        "Blue",
        "Amber",
        "White",
        "UV",
        "Strobe",
        "Program",
        "Program Speed",
        "Program Duration"
      ]
    }
  ],
  "fixtureKey": "club-par-12-6-rgbwauv",
  "manufacturerKey": "showtec",
  "oflURL": "https://open-fixture-library.org/showtec/club-par-12-6-rgbwauv"
}
