{
  "$schema": "https://raw.githubusercontent.com/OpenLightingProject/open-fixture-library/schema-12.4.0/schemas/fixture.json",
  "name": "Dominator",
  "shortName": "ShowtecDominator",
  "categories": ["Laser", "Color Changer"],
  "meta": {
    "authors": ["Felix Edelmann"],
    "createDate": "2017-11-17",
    "lastModifyDate": "2018-08-09"
  },
  "comment": "Version 1 and 2's DMX protocols are identical, only their physical data differs",
  "links": {
    "manual": [
      "https://www.highlite.com/media/attachments/MANUAL/43153_MANUAL_GB_V2.pdf"
    ],
    "video": [
      "https://www.youtube.com/watch?v=gYOyC0gVZfI",
      "https://www.youtube.com/watch?v=9k_C40lfF5s"
    ]
  },
  "physical": {
    "dimensions": [298, 310, 225],
    "weight": 4.06,
    "power": 66,
    "DMXconnector": "3-pin",
    "bulb": {
      "type": "5x3W LEDs"
    }
  },
  "availableChannels": {
    "Programs": {
      "defaultValue": 255,
      "capabilities": [
        {
          "dmxRange": [0, 9],
          "type": "ShutterStrobe",
          "shutterEffect": "Closed"
        },
        {
          "dmxRange": [10, 24],
          "type": "Effect",
          "effectName": "Auto 1 (Strobe, Derby, Laser)"
        },
        {
          "dmxRange": [25, 39],
          "type": "Effect",
          "effectName": "Auto 2 (Derby, Laser)"
        },
        {
          "dmxRange": [40, 54],
          "type": "Effect",
          "effectName": "Auto 3 (Strobe, Laser)"
        },
        {
          "dmxRange": [55, 69],
          "type": "Effect",
          "effectName": "Auto 4 (Derby, Laser)"
        },
        {
          "dmxRange": [70, 84],
          "type": "Effect",
          "effectName": "Auto 5 (Derby)"
        },
        {
          "dmxRange": [85, 99],
          "type": "Effect",
          "effectName": "Auto 6 (Laser)"
        },
        {
          "dmxRange": [100, 114],
          "type": "Effect",
          "effectName": "Auto 7 (Strobe)"
        },
        {
          "dmxRange": [115, 129],
          "type": "Effect",
          "effectName": "Sound 1 (Strobe, Derby, Laser)",
          "soundControlled": true
        },
        {
          "dmxRange": [130, 144],
          "type": "Effect",
          "effectName": "Sound 2 (Derby, Laser)",
          "soundControlled": true
        },
        {
          "dmxRange": [145, 159],
          "type": "Effect",
          "effectName": "Sound 3 (Strobe, Laser)",
          "soundControlled": true
        },
        {
          "dmxRange": [160, 174],
          "type": "Effect",
          "effectName": "Sound 4 (Derby, Laser)",
          "soundControlled": true
        },
        {
          "dmxRange": [175, 189],
          "type": "Effect",
          "effectName": "Sound 5 (Derby)",
          "soundControlled": true
        },
        {
          "dmxRange": [190, 204],
          "type": "Effect",
          "effectName": "Sound 6 (Laser)",
          "soundControlled": true
        },
        {
          "dmxRange": [205, 219],
          "type": "Effect",
          "effectName": "Sound 7 (Strobe)",
          "soundControlled": true
        },
        {
          "dmxRange": [220, 255],
          "type": "NoFunction",
          "comment": "DMX mode"
        }
      ]
    },
    "Derby Colors": {
      "capabilities": [
        {
          "dmxRange": [0, 9],
          "type": "ColorPreset",
          "colors": ["#000000"],
          "comment": "Blackout"
        },
        {
          "dmxRange": [10, 14],
          "type": "ColorPreset",
          "colors": ["#ff0000"],
          "comment": "Red"
        },
        {
          "dmxRange": [15, 19],
          "type": "ColorPreset",
          "colors": ["#00ff00"],
          "comment": "Green"
        },
        {
          "dmxRange": [20, 24],
          "type": "ColorPreset",
          "colors": ["#0000ff"],
          "comment": "Blue"
        },
        {
          "dmxRange": [25, 29],
          "type": "ColorPreset",
          "colors": ["#ffbf00"],
          "comment": "Amber"
        },
        {
          "dmxRange": [30, 34],
          "type": "ColorPreset",
          "colors": ["#ffffff"],
          "comment": "White"
        },
        {
          "dmxRange": [35, 39],
          "type": "ColorPreset",
          "colors": ["#ffffff", "#ff0000"],
          "comment": "White + Red"
        },
        {
          "dmxRange": [40, 44],
          "type": "ColorPreset",
          "colors": ["#ff0000", "#00ff00"],
          "comment": "Red + Green"
        },
        {
          "dmxRange": [45, 49],
          "type": "ColorPreset",
          "colors": ["#00ff00", "#0000ff"],
          "comment": "Green + Blue"
        },
        {
          "dmxRange": [50, 54],
          "type": "ColorPreset",
          "colors": ["#0000ff", "#ffbf00"],
          "comment": "Blue + Amber"
        },
        {
          "dmxRange": [55, 59],
          "type": "ColorPreset",
          "colors": ["#ffbf00", "#ffffff"],
          "comment": "Amber + White"
        },
        {
          "dmxRange": [60, 64],
          "type": "ColorPreset",
          "colors": ["#ffffff", "#00ff00"],
          "comment": "White + Green"
        },
        {
          "dmxRange": [65, 69],
          "type": "ColorPreset",
          "colors": ["#00ff00", "#ffbf00"],
          "comment": "Green + Amber"
        },
        {
          "dmxRange": [70, 74],
          "type": "ColorPreset",
          "colors": ["#ffbf00", "#ff0000"],
          "comment": "Amber + Red"
        },
        {
          "dmxRange": [75, 79],
          "type": "ColorPreset",
          "colors": ["#ff0000", "#0000ff"],
          "comment": "Red + Blue"
        },
        {
          "dmxRange": [80, 84],
          "type": "ColorPreset",
          "colors": ["#0000ff", "#ffffff"],
          "comment": "Blue + White"
        },
        {
          "dmxRange": [85, 89],
          "type": "ColorPreset",
          "colors": ["#ff0000", "#00ff00", "#0000ff"],
          "comment": "Red + Green + Blue"
        },
        {
          "dmxRange": [90, 94],
          "type": "ColorPreset",
          "colors": ["#ff0000", "#00ff00", "#ffbf00"],
          "comment": "Red + Green + Amber"
        },
        {
          "dmxRange": [95, 99],
          "type": "ColorPreset",
          "colors": ["#ff0000", "#00ff00", "#ffffff"],
          "comment": "Red + Green + White"
        },
        {
          "dmxRange": [100, 104],
          "type": "ColorPreset",
          "colors": ["#ff0000", "#ffbf00", "#0000ff"],
          "comment": "Red + Amber + Blue"
        },
        {
          "dmxRange": [105, 109],
          "type": "ColorPreset",
          "colors": ["#ff0000", "#0000ff", "#ffffff"],
          "comment": "Red + Blue + White"
        },
        {
          "dmxRange": [110, 114],
          "type": "ColorPreset",
          "colors": ["#ff0000", "#ffbf00", "#ffffff"],
          "comment": "Red + Amber + White"
        },
        {
          "dmxRange": [115, 119],
          "type": "ColorPreset",
          "colors": ["#ffbf00", "#00ff00", "#0000ff"],
          "comment": "Amber + Green + Blue"
        },
        {
          "dmxRange": [120, 124],
          "type": "ColorPreset",
          "colors": ["#00ff00", "#0000ff", "#ffffff"],
          "comment": "Green + Blue + White"
        },
        {
          "dmxRange": [125, 129],
          "type": "ColorPreset",
          "colors": ["#ffbf00", "#00ff00", "#ffffff"],
          "comment": "Amber + Green + White"
        },
        {
          "dmxRange": [130, 134],
          "type": "ColorPreset",
          "colors": ["#ffbf00", "#ffffff", "#0000ff"],
          "comment": "Amber + White + Blue"
        },
        {
          "dmxRange": [135, 139],
          "type": "ColorPreset",
          "colors": ["#ff0000", "#00ff00", "#0000ff", "#ffbf00"],
          "comment": "Red + Green + Blue + Amber"
        },
        {
          "dmxRange": [140, 144],
          "type": "ColorPreset",
          "colors": ["#ff0000", "#00ff00", "#0000ff", "#ffffff"],
          "comment": "Red + Green + Blue + White"
        },
        {
          "dmxRange": [145, 149],
          "type": "ColorPreset",
          "colors": ["#00ff00", "#0000ff", "#ffffff", "#ffbf00"],
          "comment": "Green + Blue + White + Amber"
        },
        {
          "dmxRange": [150, 154],
          "type": "ColorPreset",
          "colors": ["#ff0000", "#00ff00", "#ffffff", "#ffbf00"],
          "comment": "Red + Green + White + Amber"
        },
        {
          "dmxRange": [155, 159],
          "type": "ColorPreset",
          "colors": ["#ff0000", "#0000ff", "#ffffff", "#ffbf00"],
          "comment": "Red + Blue + White + Amber"
        },
        {
          "dmxRange": [160, 164],
          "type": "ColorPreset",
          "colors": ["#ff0000", "#00ff00", "#0000ff", "#ffffff", "#ffbf00"],
          "comment": "Red + Green + Blue + White + Amber"
        },
        {
          "dmxRange": [165, 209],
          "type": "Effect",
          "effectName": "Automatic (single color)"
        },
        {
          "dmxRange": [210, 255],
          "type": "Effect",
          "effectName": "Automatic (two colors)"
        }
      ]
    },
    "Derby Speed": {
      "capability": {
        "type": "EffectSpeed",
        "speedStart": "slow",
        "speedEnd": "fast"
      }
    },
    "LED Strobe": {
      "capabilities": [
        {
          "dmxRange": [0, 6],
          "type": "ShutterStrobe",
          "shutterEffect": "Closed"
        },
        {
          "dmxRange": [7, 254],
          "type": "ShutterStrobe",
          "shutterEffect": "Strobe",
          "speedStart": "30Hz",
          "speedEnd": "0Hz"
        },
        {
          "dmxRange": [255, 255],
          "type": "ShutterStrobe",
          "shutterEffect": "Strobe",
          "soundControlled": true
        }
      ]
    },
    "LED Programs": {
      "capabilities": [
        {
          "dmxRange": [0, 9],
          "type": "NoFunction"
        },
        {
          "dmxRange": [10, 19],
          "type": "Effect",
          "effectName": "Program 1",
          "speedStart": "fast",
          "speedEnd": "slow"
        },
        {
          "dmxRange": [20, 29],
          "type": "Effect",
          "effectName": "Program 2",
          "speedStart": "fast",
          "speedEnd": "slow"
        },
        {
          "dmxRange": [30, 39],
          "type": "Effect",
          "effectName": "Program 3",
          "speedStart": "fast",
          "speedEnd": "slow"
        },
        {
          "dmxRange": [40, 49],
          "type": "Effect",
          "effectName": "Program 4",
          "speedStart": "fast",
          "speedEnd": "slow"
        },
        {
          "dmxRange": [50, 59],
          "type": "Effect",
          "effectName": "Program 5",
          "speedStart": "fast",
          "speedEnd": "slow"
        },
        {
          "dmxRange": [60, 69],
          "type": "Effect",
          "effectName": "Program 6",
          "speedStart": "fast",
          "speedEnd": "slow"
        },
        {
          "dmxRange": [70, 79],
          "type": "Effect",
          "effectName": "Program 7",
          "speedStart": "fast",
          "speedEnd": "slow"
        },
        {
          "dmxRange": [80, 89],
          "type": "Effect",
          "effectName": "Program 8",
          "speedStart": "fast",
          "speedEnd": "slow"
        },
        {
          "dmxRange": [90, 99],
          "type": "Effect",
          "effectName": "Program 9",
          "speedStart": "fast",
          "speedEnd": "slow"
        },
        {
          "dmxRange": [100, 109],
          "type": "Effect",
          "effectName": "Program 10",
          "speedStart": "fast",
          "speedEnd": "slow"
        },
        {
          "dmxRange": [110, 255],
          "type": "Effect",
          "effectName": "Full on"
        }
      ]
    },
    "Laser": {
      "capabilities": [
        {
          "dmxRange": [0, 9],
          "type": "ColorPreset",
          "colors": ["#000000"],
          "comment": "Blackout"
        },
        {
          "dmxRange": [10, 49],
          "type": "ColorPreset",
          "colors": ["#ff0000"],
          "comment": "Red laser"
        },
        {
          "dmxRange": [50, 89],
          "type": "ColorPreset",
          "colors": ["#00ff00"],
          "comment": "Green laser"
        },
        {
          "dmxRange": [90, 129],
          "type": "ColorPreset",
          "colors": ["#ff0000", "#00ff00"],
          "comment": "Red + Green alternating"
        },
        {
          "dmxRange": [130, 169],
          "type": "ColorPreset",
          "colors": ["#ff0000", "#00ff00"],
          "comment": "Red + Green Strobe"
        },
        {
          "dmxRange": [170, 209],
          "type": "ColorPreset",
          "colors": ["#ff0000", "#00ff00"],
          "comment": "Red Strobe + Green"
        },
        {
          "dmxRange": [210, 255],
          "type": "ColorPreset",
          "colors": ["#ff0000", "#00ff00"],
          "comment": "Red Strobe + Green Strobe"
        }
      ]
    },
    "Laser Strobe": {
      "capabilities": [
        {
          "dmxRange": [0, 4],
          "type": "ShutterStrobe",
          "shutterEffect": "Closed",
          "helpWanted": "Is this really a blackout, or rather a 'No strobe' capability?"
        },
        {
          "dmxRange": [5, 254],
          "type": "ShutterStrobe",
          "shutterEffect": "Strobe",
          "speedStart": "0Hz",
          "speedEnd": "30Hz"
        },
        {
          "dmxRange": [255, 255],
          "type": "ShutterStrobe",
          "shutterEffect": "Strobe",
          "soundControlled": true
        }
      ]
    },
    "Rotating Derby": {
      "capabilities": [
        {
          "dmxRange": [0, 4],
          "type": "Rotation",
          "speed": "stop"
        },
        {
          "dmxRange": [5, 127],
          "type": "Rotation",
          "speedStart": "slow CCW",
          "speedEnd": "fast CCW"
        },
        {
          "dmxRange": [128, 133],
          "type": "Rotation",
          "speed": "stop"
        },
        {
          "dmxRange": [134, 255],
          "type": "Rotation",
          "speedStart": "slow CCW",
          "speedEnd": "fast CCW"
        }
      ]
    },
    "Rotating Laser": {
      "capabilities": [
        {
          "dmxRange": [0, 4],
          "type": "Rotation",
          "speed": "stop"
        },
        {
          "dmxRange": [5, 127],
          "type": "Rotation",
          "speedStart": "slow CCW",
          "speedEnd": "fast CCW"
        },
        {
          "dmxRange": [128, 133],
          "type": "Rotation",
          "speed": "stop"
        },
        {
          "dmxRange": [134, 255],
          "type": "Rotation",
          "speedStart": "slow CCW",
          "speedEnd": "fast CCW"
        }
      ]
    }
  },
  "modes": [
    {
      "name": "9-channel Version 1",
      "shortName": "9ch-V1",
      "channels": [
        "Programs",
        "Derby Colors",
        "Derby Speed",
        "LED Strobe",
        "LED Programs",
        "Laser",
        "Laser Strobe",
        "Rotating Derby",
        "Rotating Laser"
      ]
    },
    {
      "name": "9-channel Version 2",
      "shortName": "9ch-V2",
      "physical": {
        "dimensions": [307, 312, 200],
        "weight": 3.92,
        "bulb": {
          "type": "8x3W LEDs"
        }
      },
      "channels": [
        "Programs",
        "Derby Colors",
        "Derby Speed",
        "LED Strobe",
        "LED Programs",
        "Laser",
        "Laser Strobe",
        "Rotating Derby",
        "Rotating Laser"
      ]
    }
  ],
  "fixtureKey": "dominator",
  "manufacturerKey": "showtec",
  "oflURL": "https://open-fixture-library.org/showtec/dominator"
}
