{
  "$schema": "https://raw.githubusercontent.com/OpenLightingProject/open-fixture-library/schema-12.4.0/schemas/fixture.json",
  "name": "Horizon 8",
  "shortName": "Hrzn8",
  "categories": ["Blinder", "Color Changer"],
  "meta": {
    "authors": ["Flo Edelmann"],
    "createDate": "2017-07-08",
    "lastModifyDate": "2018-07-21"
  },
  "comment": "Beam Angle: 45x60°",
  "links": {
    "manual": [
      "https://www.highlite.com/media/attachments/MANUAL/43536_MANUAL_GB_V1.pdf"
    ]
  },
  "physical": {
    "dimensions": [622, 299, 310],
    "weight": 15,
    "power": 298,
    "DMXconnector": "3-pin and 5-pin",
    "bulb": {
      "type": "LED",
      "lumens": 7200
    }
  },
  "matrix": {
    "pixelKeys": [
      [
        [
          "1",
          "2",
          "3",
          "4"
        ],
        [
          "5",
          "6",
          "7",
          "8"
        ]
      ]
    ],
    "pixelGroups": {
      "P1": [
        "1",
        "2",
        "3",
        "4"
      ],
      "P2": [
        "5",
        "6",
        "7",
        "8"
      ]
    }
  },
  "availableChannels": {
    "Dimmer": {
      "fineChannelAliases": ["Dimmer fine"],
      "capability": {
        "type": "Intensity"
      }
    },
    "Red": {
      "fineChannelAliases": ["Red fine"],
      "capability": {
        "type": "ColorIntensity",
        "color": "Red"
      }
    },
    "Green": {
      "fineChannelAliases": ["Green fine"],
      "capability": {
        "type": "ColorIntensity",
        "color": "Green"
      }
    },
    "Blue": {
      "fineChannelAliases": ["Blue fine"],
      "capability": {
        "type": "ColorIntensity",
        "color": "Blue"
      }
    },
    "White": {
      "fineChannelAliases": ["White fine"],
      "capability": {
        "type": "ColorIntensity",
        "color": "White"
      }
    },
    "Amber": {
      "fineChannelAliases": ["Amber fine"],
      "capability": {
        "type": "ColorIntensity",
        "color": "Amber"
      }
    },
    "Macro Colors": {
      "capabilities": [
        {
          "dmxRange": [0, 10],
          "type": "NoFunction"
        },
        {
          "dmxRange": [11, 30],
          "type": "ColorPreset",
          "colorsStart": ["#ff0000"],
          "colorsEnd": ["#ffff00"],
          "comment": "Red 100% / Green Up / Blue 0%"
        },
        {
          "dmxRange": [31, 50],
          "type": "ColorPreset",
          "colorsStart": ["#ffff00"],
          "colorsEnd": ["#00ff00"],
          "comment": "Red Down / Green 100% / Blue 0%"
        },
        {
          "dmxRange": [51, 70],
          "type": "ColorPreset",
          "colorsStart": ["#00ff00"],
          "colorsEnd": ["#00ffff"],
          "comment": "Red 0% / Green 100% / Blue Up"
        },
        {
          "dmxRange": [71, 90],
          "type": "ColorPreset",
          "colorsStart": ["#00ffff"],
          "colorsEnd": ["#0000ff"],
          "comment": "Red 0% / Green Down / Blue 100%"
        },
        {
          "dmxRange": [91, 110],
          "type": "ColorPreset",
          "colorsStart": ["#0000ff"],
          "colorsEnd": ["#ff00ff"],
          "comment": "Red Up / Green 0% / Blue 100%"
        },
        {
          "dmxRange": [111, 130],
          "type": "ColorPreset",
          "colorsStart": ["#ff00ff"],
          "colorsEnd": ["#ff0000"],
          "comment": "Red 100% / Green 0% / Blue Down"
        },
        {
          "dmxRange": [131, 150],
          "type": "ColorPreset",
          "colorsStart": ["#ff0000"],
          "colorsEnd": ["#ffffff"],
          "comment": "Red 100% / Green Up / Blue Up"
        },
        {
          "dmxRange": [151, 170],
          "type": "ColorPreset",
          "colorsStart": ["#ffffff"],
          "colorsEnd": ["#0000ff"],
          "comment": "Red Down / Green Down / Blue 100%"
        },
        {
          "dmxRange": [171, 200],
          "type": "ColorPreset",
          "colors": ["#ffeaaa"],
          "comment": "Red 100% / Green 100% / Blue 100% / White 100% / Amber 100%"
        },
        {
          "dmxRange": [201, 205],
          "type": "ColorPreset",
          "colors": ["#ffb87b"],
          "colorTemperature": "3200K",
          "comment": "White 1"
        },
        {
          "dmxRange": [206, 210],
          "type": "ColorPreset",
          "colors": ["#ffbe87"],
          "colorTemperature": "3400K",
          "comment": "White 2"
        },
        {
          "dmxRange": [211, 215],
          "type": "ColorPreset",
          "colors": ["#ffd3af"],
          "colorTemperature": "4200K",
          "comment": "White 3"
        },
        {
          "dmxRange": [216, 220],
          "type": "ColorPreset",
          "colors": ["#ffe2ca"],
          "colorTemperature": "4900K",
          "comment": "White 4"
        },
        {
          "dmxRange": [221, 225],
          "type": "ColorPreset",
          "colors": ["#ffefe1"],
          "colorTemperature": "5600K",
          "comment": "White 5"
        },
        {
          "dmxRange": [226, 230],
          "type": "ColorPreset",
          "colors": ["#fff4ea"],
          "colorTemperature": "5900K",
          "comment": "White 6"
        },
        {
          "dmxRange": [231, 235],
          "type": "ColorPreset",
          "colors": ["#fffefa"],
          "colorTemperature": "6500K",
          "comment": "White 7"
        },
        {
          "dmxRange": [236, 240],
          "type": "ColorPreset",
          "colors": ["#edefff"],
          "colorTemperature": "7200K",
          "comment": "White 8"
        },
        {
          "dmxRange": [241, 245],
          "type": "ColorPreset",
          "colors": ["#dde6ff"],
          "colorTemperature": "8000K",
          "comment": "White 9"
        },
        {
          "dmxRange": [246, 250],
          "type": "ColorPreset",
          "colors": ["#d7e2ff"],
          "colorTemperature": "8500K",
          "comment": "White 10"
        },
        {
          "dmxRange": [251, 255],
          "type": "ColorPreset",
          "colors": ["#cadaff"],
          "colorTemperature": "10000K",
          "comment": "White 11"
        }
      ]
    },
    "Clas Strobe": {
      "capabilities": [
        {
          "dmxRange": [0, 9],
          "type": "Effect",
          "effectName": "Clas Strobe 0",
          "helpWanted": "Can we make these Clas Strobe capabilities more informative?"
        },
        {
          "dmxRange": [10, 19],
          "type": "Effect",
          "effectName": "Clas Strobe 1"
        },
        {
          "dmxRange": [20, 29],
          "type": "Effect",
          "effectName": "Clas Strobe 2"
        },
        {
          "dmxRange": [30, 39],
          "type": "Effect",
          "effectName": "Clas Strobe 3"
        },
        {
          "dmxRange": [40, 49],
          "type": "Effect",
          "effectName": "Clas Strobe 4"
        },
        {
          "dmxRange": [50, 59],
          "type": "Effect",
          "effectName": "Clas Strobe 5"
        },
        {
          "dmxRange": [60, 69],
          "type": "Effect",
          "effectName": "Clas Strobe 6"
        },
        {
          "dmxRange": [70, 79],
          "type": "Effect",
          "effectName": "Clas Strobe 7"
        },
        {
          "dmxRange": [80, 89],
          "type": "Effect",
          "effectName": "Clas Strobe 8"
        },
        {
          "dmxRange": [90, 99],
          "type": "Effect",
          "effectName": "Clas Strobe 9"
        },
        {
          "dmxRange": [100, 109],
          "type": "Effect",
          "effectName": "Clas Strobe 10"
        },
        {
          "dmxRange": [110, 119],
          "type": "Effect",
          "effectName": "Clas Strobe 11"
        },
        {
          "dmxRange": [120, 129],
          "type": "Effect",
          "effectName": "Clas Strobe 12"
        },
        {
          "dmxRange": [130, 139],
          "type": "Effect",
          "effectName": "Clas Strobe 13"
        },
        {
          "dmxRange": [140, 149],
          "type": "Effect",
          "effectName": "Clas Strobe 14"
        },
        {
          "dmxRange": [150, 159],
          "type": "Effect",
          "effectName": "Clas Strobe 15"
        },
        {
          "dmxRange": [160, 169],
          "type": "Effect",
          "effectName": "Clas Strobe 16"
        },
        {
          "dmxRange": [170, 179],
          "type": "Effect",
          "effectName": "Clas Strobe 17"
        },
        {
          "dmxRange": [180, 189],
          "type": "Effect",
          "effectName": "Clas Strobe 18"
        },
        {
          "dmxRange": [190, 199],
          "type": "Effect",
          "effectName": "Clas Strobe 19"
        },
        {
          "dmxRange": [200, 255],
          "type": "Effect",
          "effectName": "Clas Strobe 20"
        }
      ]
    },
    "Spec Strobe": {
      "capabilities": [
        {
          "dmxRange": [0, 9],
          "type": "NoFunction"
        },
        {
          "dmxRange": [10, 99],
          "type": "ShutterStrobe",
          "shutterEffect": "Strobe",
          "speedStart": "0Hz",
          "speedEnd": "10Hz"
        },
        {
          "dmxRange": [100, 109],
          "type": "NoFunction"
        },
        {
          "dmxRange": [110, 179],
          "type": "ShutterStrobe",
          "shutterEffect": "Lightning",
          "speedStart": "0Hz",
          "speedEnd": "10Hz"
        },
        {
          "dmxRange": [180, 189],
          "type": "NoFunction"
        },
        {
          "dmxRange": [190, 255],
          "type": "ShutterStrobe",
          "shutterEffect": "Strobe",
          "speedStart": "0Hz",
          "speedEnd": "10Hz",
          "randomTiming": true
        }
      ]
    },
    "Auto/Custom Programs": {
      "defaultValue": 0,
      "capabilities": [
        {
          "dmxRange": [0, 40],
          "type": "NoFunction",
          "switchChannels": {
            "Red / Step Time": "Red",
            "Green / Fade Time": "Green",
            "Dimmer fine / Step Time": "Dimmer fine",
            "Red / Fade Time": "Red"
          }
        },
        {
          "dmxRange": [41, 50],
          "type": "Effect",
          "effectName": "Auto 1",
          "switchChannels": {
            "Red / Step Time": "Red",
            "Green / Fade Time": "Green",
            "Dimmer fine / Step Time": "Dimmer fine",
            "Red / Fade Time": "Red"
          }
        },
        {
          "dmxRange": [51, 60],
          "type": "Effect",
          "effectName": "Auto 2",
          "switchChannels": {
            "Red / Step Time": "Red",
            "Green / Fade Time": "Green",
            "Dimmer fine / Step Time": "Dimmer fine",
            "Red / Fade Time": "Red"
          }
        },
        {
          "dmxRange": [61, 70],
          "type": "Effect",
          "effectName": "Auto 3",
          "switchChannels": {
            "Red / Step Time": "Red",
            "Green / Fade Time": "Green",
            "Dimmer fine / Step Time": "Dimmer fine",
            "Red / Fade Time": "Red"
          }
        },
        {
          "dmxRange": [71, 80],
          "type": "Effect",
          "effectName": "Auto 4",
          "switchChannels": {
            "Red / Step Time": "Red",
            "Green / Fade Time": "Green",
            "Dimmer fine / Step Time": "Dimmer fine",
            "Red / Fade Time": "Red"
          }
        },
        {
          "dmxRange": [81, 90],
          "type": "Effect",
          "effectName": "Auto 5",
          "switchChannels": {
            "Red / Step Time": "Red",
            "Green / Fade Time": "Green",
            "Dimmer fine / Step Time": "Dimmer fine",
            "Red / Fade Time": "Red"
          }
        },
        {
          "dmxRange": [91, 100],
          "type": "Effect",
          "effectName": "Auto 6",
          "switchChannels": {
            "Red / Step Time": "Red",
            "Green / Fade Time": "Green",
            "Dimmer fine / Step Time": "Dimmer fine",
            "Red / Fade Time": "Red"
          }
        },
        {
          "dmxRange": [101, 110],
          "type": "Effect",
          "effectName": "Auto 7",
          "switchChannels": {
            "Red / Step Time": "Red",
            "Green / Fade Time": "Green",
            "Dimmer fine / Step Time": "Dimmer fine",
            "Red / Fade Time": "Red"
          }
        },
        {
          "dmxRange": [111, 120],
          "type": "Effect",
          "effectName": "Auto 8",
          "switchChannels": {
            "Red / Step Time": "Red",
            "Green / Fade Time": "Green",
            "Dimmer fine / Step Time": "Dimmer fine",
            "Red / Fade Time": "Red"
          }
        },
        {
          "dmxRange": [121, 130],
          "type": "Effect",
          "effectName": "Auto 9",
          "switchChannels": {
            "Red / Step Time": "Red",
            "Green / Fade Time": "Green",
            "Dimmer fine / Step Time": "Dimmer fine",
            "Red / Fade Time": "Red"
          }
        },
        {
          "dmxRange": [131, 140],
          "type": "Effect",
          "effectName": "Auto 10",
          "switchChannels": {
            "Red / Step Time": "Red",
            "Green / Fade Time": "Green",
            "Dimmer fine / Step Time": "Dimmer fine",
            "Red / Fade Time": "Red"
          }
        },
        {
          "dmxRange": [141, 150],
          "type": "Effect",
          "effectName": "Custom 1",
          "switchChannels": {
            "Red / Step Time": "Step Time",
            "Green / Fade Time": "Fade Time",
            "Dimmer fine / Step Time": "Step Time",
            "Red / Fade Time": "Fade Time"
          }
        },
        {
          "dmxRange": [151, 160],
          "type": "Effect",
          "effectName": "Custom 2",
          "switchChannels": {
            "Red / Step Time": "Step Time",
            "Green / Fade Time": "Fade Time",
            "Dimmer fine / Step Time": "Step Time",
            "Red / Fade Time": "Fade Time"
          }
        },
        {
          "dmxRange": [161, 170],
          "type": "Effect",
          "effectName": "Custom 3",
          "switchChannels": {
            "Red / Step Time": "Step Time",
            "Green / Fade Time": "Fade Time",
            "Dimmer fine / Step Time": "Step Time",
            "Red / Fade Time": "Fade Time"
          }
        },
        {
          "dmxRange": [171, 180],
          "type": "Effect",
          "effectName": "Custom 4",
          "switchChannels": {
            "Red / Step Time": "Step Time",
            "Green / Fade Time": "Fade Time",
            "Dimmer fine / Step Time": "Step Time",
            "Red / Fade Time": "Fade Time"
          }
        },
        {
          "dmxRange": [181, 190],
          "type": "Effect",
          "effectName": "Custom 5",
          "switchChannels": {
            "Red / Step Time": "Step Time",
            "Green / Fade Time": "Fade Time",
            "Dimmer fine / Step Time": "Step Time",
            "Red / Fade Time": "Fade Time"
          }
        },
        {
          "dmxRange": [191, 200],
          "type": "Effect",
          "effectName": "Custom 6",
          "switchChannels": {
            "Red / Step Time": "Step Time",
            "Green / Fade Time": "Fade Time",
            "Dimmer fine / Step Time": "Step Time",
            "Red / Fade Time": "Fade Time"
          }
        },
        {
          "dmxRange": [201, 210],
          "type": "Effect",
          "effectName": "Custom 7",
          "switchChannels": {
            "Red / Step Time": "Step Time",
            "Green / Fade Time": "Fade Time",
            "Dimmer fine / Step Time": "Step Time",
            "Red / Fade Time": "Fade Time"
          }
        },
        {
          "dmxRange": [211, 220],
          "type": "Effect",
          "effectName": "Custom 8",
          "switchChannels": {
            "Red / Step Time": "Step Time",
            "Green / Fade Time": "Fade Time",
            "Dimmer fine / Step Time": "Step Time",
            "Red / Fade Time": "Fade Time"
          }
        },
        {
          "dmxRange": [221, 230],
          "type": "Effect",
          "effectName": "Custom 9",
          "switchChannels": {
            "Red / Step Time": "Step Time",
            "Green / Fade Time": "Fade Time",
            "Dimmer fine / Step Time": "Step Time",
            "Red / Fade Time": "Fade Time"
          }
        },
        {
          "dmxRange": [231, 255],
          "type": "Effect",
          "effectName": "Custom 10",
          "switchChannels": {
            "Red / Step Time": "Step Time",
            "Green / Fade Time": "Fade Time",
            "Dimmer fine / Step Time": "Step Time",
            "Red / Fade Time": "Fade Time"
          }
        }
      ]
    },
    "Auto Speed Adjustment": {
      "capability": {
        "type": "EffectSpeed",
        "speedStart": "slow",
        "speedEnd": "fast"
      }
    },
    "Dimmer Speed": {
      "capabilities": [
        {
          "dmxRange": [0, 9],
          "type": "Maintenance",
          "comment": "Return settings"
        },
        {
          "dmxRange": [10, 29],
          "type": "Maintenance",
          "comment": "Linear dimmer"
        },
        {
          "dmxRange": [30, 69],
          "type": "Maintenance",
          "comment": "Non-linear dimmer speed",
          "parameter": "fast"
        },
        {
          "dmxRange": [70, 129],
          "type": "Maintenance",
          "comment": "Non-linear dimmer speed",
          "parameter": "66%"
        },
        {
          "dmxRange": [130, 189],
          "type": "Maintenance",
          "comment": "Non-linear dimmer speed",
          "parameter": "33%"
        },
        {
          "dmxRange": [190, 255],
          "type": "Maintenance",
          "comment": "Non-linear dimmer speed",
          "parameter": "slow"
        }
      ]
    },
    "Hue": {
      "capability": {
        "type": "Generic",
        "helpWanted": "Which DMX values correspond to which color?"
      }
    },
    "Saturation": {
      "capability": {
        "type": "Generic"
      }
    },
    "Value": {
      "capability": {
        "type": "Intensity"
      }
    },
    "Step Time": {
      "capability": {
        "type": "EffectDuration",
        "durationStart": "short",
        "durationEnd": "long"
      }
    },
    "Fade Time": {
      "capability": {
        "type": "EffectDuration",
        "durationStart": "short",
        "durationEnd": "long"
      }
    }
  },
  "templateChannels": {
    "$pixelKey Red": {
      "capability": {
        "type": "ColorIntensity",
        "color": "Red"
      }
    },
    "$pixelKey Green": {
      "capability": {
        "type": "ColorIntensity",
        "color": "Green"
      }
    },
    "$pixelKey Blue": {
      "capability": {
        "type": "ColorIntensity",
        "color": "Blue"
      }
    },
    "$pixelKey White": {
      "capability": {
        "type": "ColorIntensity",
        "color": "White"
      }
    },
    "$pixelKey Amber": {
      "capability": {
        "type": "ColorIntensity",
        "color": "Amber"
      }
    }
  },
  "modes": [
    {
      "name": "Tour (Clas Strobe)",
      "shortName": "Tour-Clas",
      "channels": [
        "Dimmer",
        "Red / Step Time",
        "Green / Fade Time",
        "Blue",
        "White",
        "Amber",
        "Macro Colors",
        "Clas Strobe",
        "Auto/Custom Programs",
        "Auto Speed Adjustment",
        "Dimmer Speed"
      ]
    },
    {
      "name": "Tour (Spec Strobe)",
      "shortName": "Tour-Spec",
      "channels": [
        "Dimmer",
        "Red / Step Time",
        "Green / Fade Time",
        "Blue",
        "White",
        "Amber",
        "Macro Colors",
        "Spec Strobe",
        "Auto/Custom Programs",
        "Auto Speed Adjustment",
        "Dimmer Speed"
      ]
    },
    {
      "name": "Tour 16-bit (Clas Strobe)",
      "shortName": "TR16-Clas",
      "channels": [
        "Dimmer",
        "Dimmer fine / Step Time",
        "Red / Fade Time",
        "Red fine",
        "Green",
        "Green fine",
        "Blue",
        "Blue fine",
        "White",
        "White fine",
        "Amber",
        "Amber fine",
        "Macro Colors",
        "Clas Strobe",
        "Auto/Custom Programs",
        "Auto Speed Adjustment",
        "Dimmer Speed"
      ]
    },
    {
      "name": "Tour 16-bit (Spec Strobe)",
      "shortName": "TR16-Spec",
      "channels": [
        "Dimmer",
        "Dimmer fine / Step Time",
        "Red / Fade Time",
        "Red fine",
        "Green",
        "Green fine",
        "Blue",
        "Blue fine",
        "White",
        "White fine",
        "Amber",
        "Amber fine",
        "Macro Colors",
        "Spec Strobe",
        "Auto/Custom Programs",
        "Auto Speed Adjustment",
        "Dimmer Speed"
      ]
    },
    {
      "name": "ARC1",
      "channels": [
        "Red",
        "Green",
        "Blue"
      ]
    },
    {
      "name": "AR1.D",
      "channels": [
        "Dimmer",
        "Red",
        "Green",
        "Blue"
      ]
    },
    {
      "name": "ARC2",
      "channels": [
        "Red",
        "Green",
        "Blue",
        "White"
      ]
    },
    {
      "name": "ARC3",
      "channels": [
        "Red",
        "Green",
        "Blue",
        "White",
        "Amber"
      ]
    },
    {
      "name": "AR3.D",
      "channels": [
        "Dimmer",
        "Red",
        "Green",
        "Blue",
        "White",
        "Amber"
      ]
    },
    {
      "name": "AR3.S (Clas Strobe)",
      "shortName": "AR3.S-Clas",
      "channels": [
        "Dimmer",
        "Red",
        "Green",
        "Blue",
        "White",
        "Amber",
        "Clas Strobe"
      ]
    },
    {
      "name": "AR3.S (Spec Strobe)",
      "shortName": "AR3.S-Spec",
      "channels": [
        "Dimmer",
        "Red",
        "Green",
        "Blue",
        "White",
        "Amber",
        "Spec Strobe"
      ]
    },
    {
      "name": "HSV",
      "channels": [
        "Hue",
        "Saturation",
        "Value"
      ]
    },
    {
      "name": "PIX1",
      "channels": [
        {
          "insert": "matrixChannels",
          "repeatFor": "eachPixelGroup",
          "channelOrder": "perPixel",
          "templateChannels": [
            "$pixelKey Red",
            "$pixelKey Green",
            "$pixelKey Blue"
          ]
        }
      ]
    },
    {
      "name": "PIX3",
      "channels": [
        {
          "insert": "matrixChannels",
          "repeatFor": "eachPixelGroup",
          "channelOrder": "perPixel",
          "templateChannels": [
            "$pixelKey Red",
            "$pixelKey Green",
            "$pixelKey Blue",
            "$pixelKey White",
            "$pixelKey Amber"
          ]
        }
      ]
    }
  ],
  "fixtureKey": "horizon-8",
  "manufacturerKey": "showtec",
  "oflURL": "https://open-fixture-library.org/showtec/horizon-8"
}
