{
  "$schema": "https://raw.githubusercontent.com/OpenLightingProject/open-fixture-library/schema-12.4.0/schemas/fixture.json",
  "name": "Kanjo Wash RGB",
  "shortName": "KanjoWash",
  "categories": ["Moving Head", "Color Changer"],
  "meta": {
    "authors": ["Flo Edelmann", "Felix Edelmann"],
    "createDate": "2017-01-20",
    "lastModifyDate": "2018-09-04"
  },
  "links": {
    "manual": [
      "https://www.highlite.com/media/attachments/MANUAL/45000_MANUAL_GB_V1.pdf"
    ],
    "video": [
      "https://www.youtube.com/watch?v=rjNdcv8ciAI"
    ]
  },
  "physical": {
    "dimensions": [169, 270, 156],
    "weight": 2.52,
    "power": 43,
    "DMXconnector": "3-pin",
    "bulb": {
      "type": "LED"
    },
    "lens": {
      "degreesMinMax": [25, 25]
    }
  },
  "availableChannels": {
    "Pan": {
      "fineChannelAliases": ["Pan fine"],
      "dmxValueResolution": "8bit",
      "defaultValue": 128,
      "capability": {
        "type": "Pan",
        "angleStart": "0deg",
        "angleEnd": "540deg"
      }
    },
    "Tilt": {
      "fineChannelAliases": ["Tilt fine"],
      "dmxValueResolution": "8bit",
      "defaultValue": 128,
      "capability": {
        "type": "Tilt",
        "angleStart": "0deg",
        "angleEnd": "180deg"
      }
    },
    "Pan/Tilt Speed": {
      "capability": {
        "type": "PanTiltSpeed",
        "speedStart": "fast",
        "speedEnd": "slow"
      }
    },
    "Dimmer": {
      "capability": {
        "type": "Intensity"
      }
    },
    "Strobe": {
      "capability": {
        "type": "ShutterStrobe",
        "shutterEffect": "Strobe",
        "speedStart": "0Hz",
        "speedEnd": "20Hz",
        "helpWanted": "At which DMX values is the Strobe deactivated?"
      }
    },
    "Red": {
      "capability": {
        "type": "ColorIntensity",
        "color": "Red"
      }
    },
    "Green": {
      "capability": {
        "type": "ColorIntensity",
        "color": "Green"
      }
    },
    "Blue": {
      "capability": {
        "type": "ColorIntensity",
        "color": "Blue"
      }
    },
    "Color Presets": {
      "capabilities": [
        {
          "dmxRange": [0, 0],
          "type": "NoFunction"
        },
        {
          "dmxRange": [1, 13],
          "type": "ColorPreset",
          "colors": ["#00ffff"],
          "comment": "Cyan"
        },
        {
          "dmxRange": [14, 26],
          "type": "ColorPreset",
          "colors": ["#aa00ff"],
          "comment": "Purple"
        },
        {
          "dmxRange": [27, 39],
          "type": "ColorPreset",
          "colors": ["#ff00ea"],
          "comment": "Purple / Red"
        },
        {
          "dmxRange": [40, 52],
          "type": "ColorPreset",
          "colors": ["#ffaa00"],
          "comment": "Orange"
        },
        {
          "dmxRange": [53, 65],
          "type": "ColorPreset",
          "colors": ["#ffffff"],
          "comment": "White"
        },
        {
          "dmxRange": [66, 78],
          "type": "ColorPreset",
          "colors": ["#ffaaff"],
          "comment": "Bright Pink"
        },
        {
          "dmxRange": [79, 91],
          "type": "ColorPreset",
          "colors": ["#55ff7f"],
          "comment": "Bright green"
        },
        {
          "dmxRange": [92, 104],
          "type": "ColorPreset",
          "colors": ["#00aaff"],
          "comment": "Bright blue"
        },
        {
          "dmxRange": [105, 117],
          "type": "ColorPreset",
          "colors": ["#ffff00"],
          "comment": "Yellow"
        },
        {
          "dmxRange": [118, 130],
          "type": "ColorPreset",
          "colors": ["#fff9e0"],
          "comment": "Warm White",
          "colorTemperature": "warm"
        },
        {
          "dmxRange": [131, 143],
          "type": "ColorPreset",
          "colors": ["#ff0000"],
          "comment": "Red"
        },
        {
          "dmxRange": [144, 156],
          "type": "ColorPreset",
          "colors": ["#00ff00"],
          "comment": "Green"
        },
        {
          "dmxRange": [157, 169],
          "type": "ColorPreset",
          "colors": ["#0000ff"],
          "comment": "Blue"
        },
        {
          "dmxRange": [170, 182],
          "type": "ColorPreset",
          "colors": ["#ffbf00"],
          "comment": "Amber"
        },
        {
          "dmxRange": [183, 195],
          "type": "ColorPreset",
          "colors": ["#ffffff"],
          "comment": "White"
        },
        {
          "dmxRange": [196, 223],
          "type": "Effect",
          "effectPreset": "ColorFade",
          "comment": "7 colors"
        },
        {
          "dmxRange": [224, 237],
          "type": "Effect",
          "effectName": "Color Change",
          "helpWanted": "How does Color Change differ from Jump or Fade (Gradient)?",
          "comment": "7 colors"
        },
        {
          "dmxRange": [238, 255],
          "type": "Effect",
          "effectPreset": "ColorJump",
          "comment": "7 colors"
        }
      ]
    },
    "Color Speed": {
      "capability": {
        "type": "EffectSpeed",
        "speedStart": "slow",
        "speedEnd": "fast"
      }
    },
    "Programs": {
      "capabilities": [
        {
          "dmxRange": [0, 2],
          "type": "NoFunction"
        },
        {
          "dmxRange": [3, 101],
          "type": "Effect",
          "effectName": "Program 1 (fast)"
        },
        {
          "dmxRange": [102, 152],
          "type": "Effect",
          "effectName": "Program 2 (gradient and jump)"
        },
        {
          "dmxRange": [153, 203],
          "type": "Effect",
          "effectName": "Program 3 (slow)"
        },
        {
          "dmxRange": [204, 255],
          "type": "Effect",
          "effectName": "Program 4 (sound-controlled)",
          "soundControlled": true
        }
      ]
    },
    "Factory reset": {
      "capabilities": [
        {
          "dmxRange": [0, 254],
          "type": "NoFunction"
        },
        {
          "dmxRange": [255, 255],
          "type": "Maintenance",
          "comment": "Reset to factory settings"
        }
      ]
    }
  },
  "modes": [
    {
      "name": "8-channel",
      "shortName": "8ch",
      "channels": [
        "Pan",
        "Tilt",
        "Dimmer",
        "Strobe",
        "Red",
        "Green",
        "Blue",
        "Pan/Tilt Speed"
      ]
    },
    {
      "name": "14-channel",
      "shortName": "14ch",
      "channels": [
        "Pan",
        "Pan fine",
        "Tilt",
        "Tilt fine",
        "Pan/Tilt Speed",
        "Dimmer",
        "Strobe",
        "Red",
        "Green",
        "Blue",
        "Color Presets",
        "Color Speed",
        "Programs",
        "Factory reset"
      ]
    }
  ],
  "fixtureKey": "kanjo-wash-rgb",
  "manufacturerKey": "showtec",
  "oflURL": "https://open-fixture-library.org/showtec/kanjo-wash-rgb"
}
