{
  "$schema": "https://raw.githubusercontent.com/OpenLightingProject/open-fixture-library/schema-12.4.0/schemas/fixture.json",
  "name": "Kanjo Spot 60",
  "categories": ["Moving Head", "Color Changer"],
  "meta": {
    "authors": ["Flo Edelmann"],
    "createDate": "2017-09-09",
    "lastModifyDate": "2018-09-04"
  },
  "links": {
    "manual": [
      "https://www.highlite.com/media/attachments/MANUAL/45011_MANUAL_GB_V2.pdf"
    ],
    "video": [
      "https://www.youtube.com/watch?v=Tpf2d5KYidA"
    ]
  },
  "physical": {
    "dimensions": [167, 270, 145],
    "weight": 2.9,
    "power": 85,
    "DMXconnector": "3-pin",
    "bulb": {
      "type": "60W White LED"
    },
    "lens": {
      "degreesMinMax": [18, 18]
    }
  },
  "wheels": {
    "Gobo Wheel": {
      "slots": [
        {
          "type": "Open"
        },
        {
          "type": "Gobo"
        },
        {
          "type": "Gobo"
        },
        {
          "type": "Gobo"
        },
        {
          "type": "Gobo"
        },
        {
          "type": "Gobo"
        },
        {
          "type": "Gobo"
        },
        {
          "type": "Gobo"
        }
      ]
    }
  },
  "availableChannels": {
    "Pan": {
      "fineChannelAliases": ["Pan fine"],
      "dmxValueResolution": "8bit",
      "defaultValue": 128,
      "capability": {
        "type": "Pan",
        "angleStart": "0deg",
        "angleEnd": "540deg"
      }
    },
    "Tilt": {
      "fineChannelAliases": ["Tilt fine"],
      "dmxValueResolution": "8bit",
      "defaultValue": 128,
      "capability": {
        "type": "Tilt",
        "angleStart": "0deg",
        "angleEnd": "230deg"
      }
    },
    "Pan / Tilt Speed": {
      "capability": {
        "type": "PanTiltSpeed",
        "speedStart": "fast",
        "speedEnd": "slow"
      }
    },
    "Color Wheel": {
      "capabilities": [
        {
          "dmxRange": [0, 15],
          "type": "ColorPreset",
          "colors": ["#ffffff"],
          "comment": "White"
        },
        {
          "dmxRange": [16, 31],
          "type": "ColorPreset",
          "colors": ["#bd1007"],
          "comment": "Red"
        },
        {
          "dmxRange": [32, 47],
          "type": "ColorPreset",
          "colors": ["#00ff01"],
          "comment": "Green"
        },
        {
          "dmxRange": [48, 63],
          "type": "ColorPreset",
          "colors": ["#0d3fd6"],
          "comment": "Blue"
        },
        {
          "dmxRange": [64, 79],
          "type": "ColorPreset",
          "colors": ["#fefe01"],
          "comment": "Yellow"
        },
        {
          "dmxRange": [80, 95],
          "type": "ColorPreset",
          "colors": ["#dd127b"],
          "comment": "Magenta"
        },
        {
          "dmxRange": [96, 111],
          "type": "ColorPreset",
          "colors": ["#0099ff"],
          "comment": "Cyan"
        },
        {
          "dmxRange": [112, 127],
          "type": "ColorPreset",
          "colors": ["#ff6600"],
          "comment": "Orange"
        },
        {
          "dmxRange": [128, 255],
          "type": "Effect",
          "effectPreset": "ColorJump",
          "speedStart": "slow",
          "speedEnd": "fast"
        }
      ]
    },
    "Gobo Wheel": {
      "capabilities": [
        {
          "dmxRange": [0, 7],
          "type": "WheelSlot",
          "slotNumber": 1
        },
        {
          "dmxRange": [8, 15],
          "type": "WheelSlot",
          "slotNumber": 2
        },
        {
          "dmxRange": [16, 23],
          "type": "WheelSlot",
          "slotNumber": 3
        },
        {
          "dmxRange": [24, 31],
          "type": "WheelSlot",
          "slotNumber": 4
        },
        {
          "dmxRange": [32, 39],
          "type": "WheelSlot",
          "slotNumber": 5
        },
        {
          "dmxRange": [40, 47],
          "type": "WheelSlot",
          "slotNumber": 6
        },
        {
          "dmxRange": [48, 55],
          "type": "WheelSlot",
          "slotNumber": 7
        },
        {
          "dmxRange": [56, 63],
          "type": "WheelSlot",
          "slotNumber": 8
        },
        {
          "dmxRange": [64, 127],
          "type": "WheelRotation",
          "speedStart": "slow CW",
          "speedEnd": "fast CW"
        },
        {
          "dmxRange": [128, 143],
          "type": "NoFunction"
        },
        {
          "dmxRange": [144, 159],
          "type": "WheelShake",
          "slotNumber": 2,
          "shakeSpeedStart": "slow",
          "shakeSpeedEnd": "fast"
        },
        {
          "dmxRange": [160, 175],
          "type": "WheelShake",
          "slotNumber": 3,
          "shakeSpeedStart": "slow",
          "shakeSpeedEnd": "fast"
        },
        {
          "dmxRange": [176, 191],
          "type": "WheelShake",
          "slotNumber": 4,
          "shakeSpeedStart": "slow",
          "shakeSpeedEnd": "fast"
        },
        {
          "dmxRange": [192, 207],
          "type": "WheelShake",
          "slotNumber": 5,
          "shakeSpeedStart": "slow",
          "shakeSpeedEnd": "fast"
        },
        {
          "dmxRange": [208, 223],
          "type": "WheelShake",
          "slotNumber": 6,
          "shakeSpeedStart": "slow",
          "shakeSpeedEnd": "fast"
        },
        {
          "dmxRange": [224, 239],
          "type": "WheelShake",
          "slotNumber": 7,
          "shakeSpeedStart": "slow",
          "shakeSpeedEnd": "fast"
        },
        {
          "dmxRange": [240, 255],
          "type": "WheelShake",
          "slotNumber": 8,
          "shakeSpeedStart": "slow",
          "shakeSpeedEnd": "fast"
        }
      ]
    },
    "Dimmer": {
      "capability": {
        "type": "Intensity"
      }
    },
    "Strobe / Shutter": {
      "capabilities": [
        {
          "dmxRange": [0, 7],
          "type": "NoFunction"
        },
        {
          "dmxRange": [8, 127],
          "type": "ShutterStrobe",
          "shutterEffect": "Strobe",
          "speedStart": "0Hz",
          "speedEnd": "20Hz"
        },
        {
          "dmxRange": [128, 255],
          "type": "ShutterStrobe",
          "shutterEffect": "Strobe",
          "speedStart": "0Hz",
          "speedEnd": "20Hz",
          "randomTiming": true
        }
      ]
    },
    "Functions": {
      "capabilities": [
        {
          "dmxRange": [0, 93],
          "type": "NoFunction"
        },
        {
          "dmxRange": [94, 94],
          "type": "Maintenance",
          "comment": "Reset settings"
        },
        {
          "dmxRange": [95, 95],
          "type": "Maintenance",
          "comment": "Restore factory settings"
        },
        {
          "dmxRange": [96, 255],
          "type": "Effect",
          "effectName": "Sound-controlled Mode",
          "soundControlled": true
        }
      ]
    }
  },
  "modes": [
    {
      "name": "8-channel",
      "shortName": "8ch",
      "channels": [
        "Pan",
        "Tilt",
        "Pan / Tilt Speed",
        "Color Wheel",
        "Gobo Wheel",
        "Dimmer",
        "Strobe / Shutter",
        "Functions"
      ]
    },
    {
      "name": "10-channel",
      "shortName": "10ch",
      "channels": [
        "Pan",
        "Pan fine",
        "Tilt",
        "Tilt fine",
        "Pan / Tilt Speed",
        "Color Wheel",
        "Gobo Wheel",
        "Dimmer",
        "Strobe / Shutter",
        "Functions"
      ]
    }
  ],
  "fixtureKey": "kanjo-spot-60",
  "manufacturerKey": "showtec",
  "oflURL": "https://open-fixture-library.org/showtec/kanjo-spot-60"
}
