{
  "$schema": "https://raw.githubusercontent.com/OpenLightingProject/open-fixture-library/schema-12.4.0/schemas/fixture.json",
  "name": "STB-648 LED Strobe SMD 5050",
  "categories": ["Strobe"],
  "meta": {
    "authors": ["Felix Edelmann"],
    "createDate": "2018-02-03",
    "lastModifyDate": "2018-08-09"
  },
  "links": {
    "manual": [
      "https://media.steinigke.de/documents_t/51841370-MANUAL-1.00-de-en_00068855.pdf"
    ],
    "video": [
      "https://www.youtube.com/watch?v=M_syNbUd4iY"
    ]
  },
  "physical": {
    "dimensions": [420, 225, 165],
    "weight": 4.5,
    "power": 160,
    "DMXconnector": "3-pin and 5-pin",
    "bulb": {
      "type": "648x SMD 5050 LEDs"
    }
  },
  "availableChannels": {
    "Strobe": {
      "defaultValue": 0,
      "capabilities": [
        {
          "dmxRange": [0, 0],
          "type": "NoFunction"
        },
        {
          "dmxRange": [1, 255],
          "type": "ShutterStrobe",
          "shutterEffect": "Strobe",
          "speedStart": "1Hz",
          "speedEnd": "30Hz"
        }
      ]
    },
    "Brightness": {
      "defaultValue": 0,
      "capability": {
        "type": "Intensity"
      }
    }
  },
  "modes": [
    {
      "name": "2-channel",
      "shortName": "2ch",
      "channels": [
        "Strobe",
        "Brightness"
      ]
    }
  ],
  "fixtureKey": "stb-648-led-strobe-smd-5050",
  "manufacturerKey": "futurelight",
  "oflURL": "https://open-fixture-library.org/futurelight/stb-648-led-strobe-smd-5050"
}
