{
  "$schema": "https://raw.githubusercontent.com/OpenLightingProject/open-fixture-library/schema-12.4.0/schemas/fixture.json",
  "name": "Q-Spot 40 RGBW",
  "categories": ["Color Changer"],
  "meta": {
    "authors": ["HS-Event", "Luke Nelson"],
    "createDate": "2022-11-07",
    "lastModifyDate": "2022-11-07"
  },
  "links": {
    "productPage": [
      "https://www.cameolight.com/en/solutions/dj-musicians/static-lighting/spotlights/16459/q-spot-40-rgbw"
    ],
    "manual": [
      "https://www.cameolight.com/en/downloads/file/id/694585978"
    ],
    "video": [
      "https://www.youtube.com/watch?v=RzElVR8wCVA"
    ],
    "other": [
      "https://www.cameolight.com/en/downloads/file/id/940935430"
    ]
  },
  "physical": {
    "dimensions": [151, 130, 168],
    "weight": 2.75,
    "power": 55,
    "DMXconnector": "3-pin",
    "bulb": {
      "type": "LED",
      "lumens": 780
    },
    "lens": {
      "name": "Manual",
      "degreesMinMax": [4.5, 25]
    }
  },
  "availableChannels": {
    "Dimmer": {
      "fineChannelAliases": ["Dimmer fine"],
      "capability": {
        "type": "Intensity"
      }
    },
    "Color Macros": {
      "capabilities": [
        {
          "dmxRange": [0, 5],
          "type": "NoFunction"
        },
        {
          "dmxRange": [6, 13],
          "type": "ColorPreset",
          "comment": "Red"
        },
        {
          "dmxRange": [14, 21],
          "type": "ColorPreset",
          "comment": "Amber"
        },
        {
          "dmxRange": [22, 29],
          "type": "ColorPreset",
          "comment": "Yellow Warm"
        },
        {
          "dmxRange": [30, 37],
          "type": "ColorPreset",
          "comment": "Yellow"
        },
        {
          "dmxRange": [38, 45],
          "type": "ColorPreset",
          "comment": "Green"
        },
        {
          "dmxRange": [46, 53],
          "type": "ColorPreset",
          "comment": "Turquoise"
        },
        {
          "dmxRange": [54, 61],
          "type": "ColorPreset",
          "comment": "Cyan"
        },
        {
          "dmxRange": [62, 69],
          "type": "ColorPreset",
          "comment": "Blue"
        },
        {
          "dmxRange": [70, 77],
          "type": "ColorPreset",
          "comment": "Lavender"
        },
        {
          "dmxRange": [78, 85],
          "type": "ColorPreset",
          "comment": "Mauve"
        },
        {
          "dmxRange": [86, 93],
          "type": "ColorPreset",
          "comment": "Magenta"
        },
        {
          "dmxRange": [94, 101],
          "type": "ColorPreset",
          "comment": "Pink"
        },
        {
          "dmxRange": [102, 109],
          "type": "ColorPreset",
          "comment": "Warm White"
        },
        {
          "dmxRange": [110, 117],
          "type": "ColorPreset",
          "comment": "White"
        },
        {
          "dmxRange": [118, 125],
          "type": "ColorPreset",
          "comment": "Cold White"
        },
        {
          "dmxRange": [126, 127],
          "type": "Effect",
          "effectPreset": "ColorJump",
          "speed": "stop"
        },
        {
          "dmxRange": [128, 191],
          "type": "Effect",
          "effectPreset": "ColorJump",
          "speedStart": "slow",
          "speedEnd": "fast"
        },
        {
          "dmxRange": [192, 255],
          "type": "Effect",
          "effectPreset": "ColorFade",
          "speedStart": "slow",
          "speedEnd": "fast"
        }
      ]
    },
    "Strobe": {
      "capabilities": [
        {
          "dmxRange": [0, 5],
          "type": "ShutterStrobe",
          "shutterEffect": "Open"
        },
        {
          "dmxRange": [6, 255],
          "type": "ShutterStrobe",
          "shutterEffect": "Strobe",
          "speedStart": "1Hz",
          "speedEnd": "20Hz"
        }
      ]
    },
    "Strobe functions": {
      "capabilities": [
        {
          "dmxRange": [0, 5],
          "type": "ShutterStrobe",
          "shutterEffect": "Open"
        },
        {
          "dmxRange": [6, 10],
          "type": "ShutterStrobe",
          "shutterEffect": "Closed"
        },
        {
          "dmxRange": [11, 33],
          "type": "ShutterStrobe",
          "shutterEffect": "Pulse",
          "randomTiming": true,
          "speedStart": "slow",
          "speedEnd": "fast"
        },
        {
          "dmxRange": [34, 56],
          "type": "ShutterStrobe",
          "shutterEffect": "RampUp",
          "randomTiming": true,
          "speedStart": "slow",
          "speedEnd": "fast"
        },
        {
          "dmxRange": [57, 79],
          "type": "ShutterStrobe",
          "shutterEffect": "RampDown",
          "randomTiming": true,
          "speedStart": "slow",
          "speedEnd": "fast"
        },
        {
          "dmxRange": [80, 102],
          "type": "ShutterStrobe",
          "shutterEffect": "Strobe",
          "randomTiming": true,
          "speedStart": "slow",
          "speedEnd": "fast"
        },
        {
          "dmxRange": [103, 127],
          "type": "ShutterStrobe",
          "shutterEffect": "Strobe",
          "comment": "Strobe Break Effect",
          "durationStart": "5s",
          "durationEnd": "1s"
        },
        {
          "dmxRange": [128, 250],
          "type": "ShutterStrobe",
          "shutterEffect": "Strobe",
          "speedStart": "1Hz",
          "speedEnd": "20Hz"
        },
        {
          "dmxRange": [251, 255],
          "type": "ShutterStrobe",
          "shutterEffect": "Open"
        }
      ]
    },
    "Red": {
      "capability": {
        "type": "ColorIntensity",
        "color": "Red"
      }
    },
    "Green": {
      "capability": {
        "type": "ColorIntensity",
        "color": "Green"
      }
    },
    "Blue": {
      "capability": {
        "type": "ColorIntensity",
        "color": "Blue"
      }
    },
    "White": {
      "capability": {
        "type": "ColorIntensity",
        "color": "White"
      }
    },
    "Color Temperature": {
      "capabilities": [
        {
          "dmxRange": [0, 5],
          "type": "ColorTemperature",
          "colorTemperature": "default"
        },
        {
          "dmxRange": [6, 255],
          "type": "ColorTemperature",
          "colorTemperatureStart": "cold",
          "colorTemperatureEnd": "warm"
        }
      ]
    }
  },
  "modes": [
    {
      "name": "2-channel",
      "shortName": "2ch",
      "channels": [
        "Dimmer",
        "Color Macros"
      ]
    },
    {
      "name": "3-channel 1",
      "shortName": "3ch 1",
      "channels": [
        "Dimmer",
        "Strobe",
        "Color Macros"
      ]
    },
    {
      "name": "3-channel 2",
      "shortName": "3ch 2",
      "channels": [
        "Red",
        "Green",
        "Blue"
      ]
    },
    {
      "name": "4-channel",
      "shortName": "4ch",
      "channels": [
        "Red",
        "Green",
        "Blue",
        "White"
      ]
    },
    {
      "name": "9-channel",
      "shortName": "9ch",
      "channels": [
        "Dimmer",
        "Dimmer fine",
        "Strobe functions",
        "Red",
        "Green",
        "Blue",
        "White",
        "Color Macros",
        "Color Temperature"
      ]
    }
  ],
  "fixtureKey": "q-spot-40-rgbw",
  "manufacturerKey": "cameo",
  "oflURL": "https://open-fixture-library.org/cameo/q-spot-40-rgbw"
}
