{
  "$schema": "https://raw.githubusercontent.com/OpenLightingProject/open-fixture-library/schema-12.4.0/schemas/fixture.json",
  "name": "SMARTBAT",
  "categories": ["Color Changer"],
  "meta": {
    "authors": ["Matteo Piccina"],
    "createDate": "2019-12-23",
    "lastModifyDate": "2019-12-23"
  },
  "links": {
    "manual": [
      "https://www.musiclights.it/download.php?id=3844"
    ],
    "productPage": [
      "https://www.musiclights.it/product/SMARTBAT"
    ],
    "video": [
      "https://www.youtube.com/watch?v=2A7gp6_6tMQ"
    ]
  },
  "physical": {
    "dimensions": [137.8, 184, 145],
    "weight": 3.4,
    "power": 30,
    "DMXconnector": "3-pin",
    "bulb": {
      "type": "4× 8W RGBW LED",
      "lumens": 1127
    },
    "lens": {
      "degreesMinMax": [15, 15]
    }
  },
  "availableChannels": {
    "Dimmer": {
      "capability": {
        "type": "Intensity"
      }
    },
    "Red": {
      "capability": {
        "type": "ColorIntensity",
        "color": "Red"
      }
    },
    "Green": {
      "capability": {
        "type": "ColorIntensity",
        "color": "Green"
      }
    },
    "Blue": {
      "capability": {
        "type": "ColorIntensity",
        "color": "Blue"
      }
    },
    "White": {
      "capability": {
        "type": "ColorIntensity",
        "color": "White"
      }
    },
    "Color Presets / Temperature": {
      "capabilities": [
        {
          "dmxRange": [0, 10],
          "type": "NoFunction"
        },
        {
          "dmxRange": [11, 30],
          "type": "ColorPreset",
          "comment": "Red … Yellow",
          "colorsStart": ["#ff0000"],
          "colorsEnd": ["#ffff00"]
        },
        {
          "dmxRange": [31, 50],
          "type": "ColorPreset",
          "comment": "Yellow … Green",
          "colorsStart": ["#ffff00"],
          "colorsEnd": ["#00ff00"]
        },
        {
          "dmxRange": [51, 70],
          "type": "ColorPreset",
          "comment": "Green … Cyan",
          "colorsStart": ["#00ff00"],
          "colorsEnd": ["#00ffff"]
        },
        {
          "dmxRange": [71, 90],
          "type": "ColorPreset",
          "comment": "Cyan … Blue",
          "colorsStart": ["#00ffff"],
          "colorsEnd": ["#0000ff"]
        },
        {
          "dmxRange": [91, 110],
          "type": "ColorPreset",
          "comment": "Blue … Magenta",
          "colorsStart": ["#0000ff"],
          "colorsEnd": ["#ff00ff"]
        },
        {
          "dmxRange": [111, 130],
          "type": "ColorPreset",
          "comment": "Magenta … Red",
          "colorsStart": ["#ff00ff"],
          "colorsEnd": ["#ff0000"]
        },
        {
          "dmxRange": [131, 150],
          "type": "ColorPreset",
          "comment": "Red … White",
          "colorsStart": ["#ff0000"],
          "colorsEnd": ["#ffffff"]
        },
        {
          "dmxRange": [151, 170],
          "type": "ColorPreset",
          "comment": "White … Blue",
          "colorsStart": ["#ffffff"],
          "colorsEnd": ["#0000ff"]
        },
        {
          "dmxRange": [171, 200],
          "type": "ColorPreset",
          "comment": "White",
          "colors": ["#ffffff"]
        },
        {
          "dmxRange": [201, 255],
          "type": "ColorTemperature",
          "colorTemperatureStart": "warm",
          "colorTemperatureEnd": "cold"
        }
      ]
    },
    "Strobe": {
      "capabilities": [
        {
          "dmxRange": [0, 10],
          "type": "NoFunction"
        },
        {
          "dmxRange": [11, 255],
          "type": "ShutterStrobe",
          "shutterEffect": "Strobe",
          "speedStart": "slow",
          "speedEnd": "fast"
        }
      ]
    },
    "Auto/Sound Programs": {
      "capabilities": [
        {
          "dmxRange": [0, 10],
          "type": "NoFunction"
        },
        {
          "dmxRange": [11, 60],
          "type": "Effect",
          "effectName": "Auto Program 1"
        },
        {
          "dmxRange": [61, 120],
          "type": "Effect",
          "effectName": "Auto Program 2"
        },
        {
          "dmxRange": [121, 180],
          "type": "Effect",
          "effectName": "Auto Program 3"
        },
        {
          "dmxRange": [181, 240],
          "type": "Effect",
          "effectName": "Auto Program 4"
        },
        {
          "dmxRange": [241, 255],
          "type": "Effect",
          "effectName": "Sound Show",
          "soundControlled": true
        }
      ]
    },
    "Auto Speed": {
      "capability": {
        "type": "EffectSpeed",
        "speedStart": "slow",
        "speedEnd": "fast"
      }
    },
    "Dimmer Speed": {
      "capabilities": [
        {
          "dmxRange": [0, 51],
          "type": "NoFunction",
          "comment": "Use device setting"
        },
        {
          "dmxRange": [52, 101],
          "type": "Maintenance",
          "comment": "Dimmer speed",
          "parameter": "off"
        },
        {
          "dmxRange": [102, 152],
          "type": "Maintenance",
          "comment": "Dimmer speed",
          "parameter": "fast"
        },
        {
          "dmxRange": [153, 203],
          "type": "Maintenance",
          "comment": "Dimmer speed",
          "parameter": "50%"
        },
        {
          "dmxRange": [204, 255],
          "type": "Maintenance",
          "comment": "Dimmer speed",
          "parameter": "slow"
        }
      ]
    }
  },
  "modes": [
    {
      "name": "4-Channel",
      "shortName": "4ch",
      "channels": [
        "Red",
        "Green",
        "Blue",
        "White"
      ]
    },
    {
      "name": "6-Channel",
      "shortName": "6ch",
      "channels": [
        "Dimmer",
        "Red",
        "Green",
        "Blue",
        "White",
        "Strobe"
      ]
    },
    {
      "name": "10-Channel",
      "shortName": "10ch",
      "channels": [
        "Dimmer",
        "Red",
        "Green",
        "Blue",
        "White",
        "Color Presets / Temperature",
        "Strobe",
        "Auto/Sound Programs",
        "Auto Speed",
        "Dimmer Speed"
      ]
    }
  ],
  "fixtureKey": "smartbat",
  "manufacturerKey": "prolights",
  "oflURL": "https://open-fixture-library.org/prolights/smartbat"
}
