{
  "$schema": "https://raw.githubusercontent.com/OpenLightingProject/open-fixture-library/schema-12.4.0/schemas/fixture.json",
  "name": "COB Cannon Wash",
  "categories": ["Color Changer", "Dimmer"],
  "meta": {
    "authors": ["Travis Versher"],
    "createDate": "2019-07-18",
    "lastModifyDate": "2019-07-18"
  },
  "links": {
    "manual": [
      "https://d295jznhem2tn9.cloudfront.net/ItemRelatedFiles/8775/COB%20CANNON%20WASH%20-%20USER%20MANUAL.pdf"
    ],
    "productPage": [
      "https://www.adj.com/cob-cannon-wash"
    ]
  },
  "physical": {
    "dimensions": [415, 245, 192],
    "weight": 4.1,
    "power": 132,
    "DMXconnector": "3-pin",
    "bulb": {
      "type": "150W RGBA COB LED"
    },
    "lens": {
      "degreesMinMax": [80, 80]
    }
  },
  "availableChannels": {
    "Color Macros": {
      "capabilities": [
        {
          "dmxRange": [0, 0],
          "type": "ColorPreset",
          "comment": "Black",
          "colors": ["#000000"]
        },
        {
          "dmxRange": [1, 4],
          "type": "ColorPreset",
          "comment": "Color 2",
          "colors": ["#82ffbd"]
        },
        {
          "dmxRange": [5, 8],
          "type": "ColorPreset",
          "comment": "Color 3",
          "colors": ["#82ff85"]
        },
        {
          "dmxRange": [9, 12],
          "type": "ColorPreset",
          "comment": "Color 4",
          "colors": ["#7eff5b"]
        },
        {
          "dmxRange": [13, 16],
          "type": "ColorPreset",
          "comment": "Color 5",
          "colors": ["#a1ff43"]
        },
        {
          "dmxRange": [17, 20],
          "type": "ColorPreset",
          "comment": "Color 6",
          "colors": ["#c1ff3f"]
        },
        {
          "dmxRange": [21, 24],
          "type": "ColorPreset",
          "comment": "Color 7",
          "colors": ["#f6ff43"]
        },
        {
          "dmxRange": [25, 28],
          "type": "ColorPreset",
          "comment": "Color 8",
          "colors": ["#ffe73b"]
        },
        {
          "dmxRange": [29, 32],
          "type": "ColorPreset",
          "comment": "Color 9",
          "colors": ["#ffc639"]
        },
        {
          "dmxRange": [33, 36],
          "type": "ColorPreset",
          "comment": "Color 10",
          "colors": ["#ffac3b"]
        },
        {
          "dmxRange": [37, 40],
          "type": "ColorPreset",
          "comment": "Color 11",
          "colors": ["#ff8c39"]
        },
        {
          "dmxRange": [41, 44],
          "type": "ColorPreset",
          "comment": "Color 12",
          "colors": ["#ff763c"]
        },
        {
          "dmxRange": [45, 48],
          "type": "ColorPreset",
          "comment": "Color 13",
          "colors": ["#ff613c"]
        },
        {
          "dmxRange": [49, 52],
          "type": "ColorPreset",
          "comment": "Color 14",
          "colors": ["#ff6e65"]
        },
        {
          "dmxRange": [53, 56],
          "type": "ColorPreset",
          "comment": "Color 15",
          "colors": ["#ff7785"]
        },
        {
          "dmxRange": [57, 60],
          "type": "ColorPreset",
          "comment": "Color 16",
          "colors": ["#ff7aab"]
        },
        {
          "dmxRange": [61, 64],
          "type": "ColorPreset",
          "comment": "Color 17",
          "colors": ["#ff7dc4"]
        },
        {
          "dmxRange": [65, 68],
          "type": "ColorPreset",
          "comment": "Color 18",
          "colors": ["#ff89e6"]
        },
        {
          "dmxRange": [69, 72],
          "type": "ColorPreset",
          "comment": "Color 19",
          "colors": ["#f09dff"]
        },
        {
          "dmxRange": [73, 76],
          "type": "ColorPreset",
          "comment": "Color 20",
          "colors": ["#b187ff"]
        },
        {
          "dmxRange": [77, 80],
          "type": "ColorPreset",
          "comment": "Color 21",
          "colors": ["#9a9eff"]
        },
        {
          "dmxRange": [81, 84],
          "type": "ColorPreset",
          "comment": "Color 22",
          "colors": ["#86c6ff"]
        },
        {
          "dmxRange": [85, 88],
          "type": "ColorPreset",
          "comment": "Color 23",
          "colors": ["#9afdff"]
        },
        {
          "dmxRange": [89, 92],
          "type": "ColorPreset",
          "comment": "Color 24",
          "colors": ["#87ffdf"]
        },
        {
          "dmxRange": [93, 96],
          "type": "ColorPreset",
          "comment": "Color 25",
          "colors": ["#d4ff65"]
        },
        {
          "dmxRange": [97, 100],
          "type": "ColorPreset",
          "comment": "Color 26",
          "colors": ["#ffe560"]
        },
        {
          "dmxRange": [101, 104],
          "type": "ColorPreset",
          "comment": "Color 27",
          "colors": ["#ffb55d"]
        },
        {
          "dmxRange": [105, 108],
          "type": "ColorPreset",
          "comment": "Color 28",
          "colors": ["#ff9d79"]
        },
        {
          "dmxRange": [109, 112],
          "type": "ColorPreset",
          "comment": "Color 29",
          "colors": ["#ffa39f"]
        },
        {
          "dmxRange": [113, 116],
          "type": "ColorPreset",
          "comment": "Color 30",
          "colors": ["#ffd5e1"]
        },
        {
          "dmxRange": [117, 120],
          "type": "ColorPreset",
          "comment": "Color 31",
          "colors": ["#ffd5e1"]
        },
        {
          "dmxRange": [121, 124],
          "type": "ColorPreset",
          "comment": "Color 32",
          "colors": ["#fffcec"]
        },
        {
          "dmxRange": [125, 128],
          "type": "ColorPreset",
          "comment": "Color 33",
          "colors": ["#ffdf80"]
        },
        {
          "dmxRange": [129, 132],
          "type": "ColorPreset",
          "comment": "Color 34",
          "colors": ["#ffce8f"]
        },
        {
          "dmxRange": [133, 136],
          "type": "ColorPreset",
          "comment": "Color 35",
          "colors": ["#feb199"]
        },
        {
          "dmxRange": [137, 140],
          "type": "ColorPreset",
          "comment": "Color 36",
          "colors": ["#fec08a"]
        },
        {
          "dmxRange": [141, 144],
          "type": "ColorPreset",
          "comment": "Color 37",
          "colors": ["#fea562"]
        },
        {
          "dmxRange": [145, 148],
          "type": "ColorPreset",
          "comment": "Color 38",
          "colors": ["#fe7900"]
        },
        {
          "dmxRange": [149, 152],
          "type": "ColorPreset",
          "comment": "Color 39",
          "colors": ["#b01100"]
        },
        {
          "dmxRange": [153, 156],
          "type": "ColorPreset",
          "comment": "Color 40",
          "colors": ["#60000b"]
        },
        {
          "dmxRange": [157, 160],
          "type": "ColorPreset",
          "comment": "Color 41",
          "colors": ["#ea8bab"]
        },
        {
          "dmxRange": [161, 164],
          "type": "ColorPreset",
          "comment": "Color 42",
          "colors": ["#e00561"]
        },
        {
          "dmxRange": [165, 168],
          "type": "ColorPreset",
          "comment": "Color 43",
          "colors": ["#af4dad"]
        },
        {
          "dmxRange": [169, 172],
          "type": "ColorPreset",
          "comment": "Color 44",
          "colors": ["#7782c7"]
        },
        {
          "dmxRange": [173, 176],
          "type": "ColorPreset",
          "comment": "Color 45",
          "colors": ["#93a4d4"]
        },
        {
          "dmxRange": [177, 180],
          "type": "ColorPreset",
          "comment": "Color 46",
          "colors": ["#5802a3"]
        },
        {
          "dmxRange": [181, 184],
          "type": "ColorPreset",
          "comment": "Color 47",
          "colors": ["#002656"]
        },
        {
          "dmxRange": [185, 188],
          "type": "ColorPreset",
          "comment": "Color 48",
          "colors": ["#008ed0"]
        },
        {
          "dmxRange": [189, 192],
          "type": "ColorPreset",
          "comment": "Color 49",
          "colors": ["#3494d1"]
        },
        {
          "dmxRange": [193, 196],
          "type": "ColorPreset",
          "comment": "Color 50",
          "colors": ["#0186c9"]
        },
        {
          "dmxRange": [197, 200],
          "type": "ColorPreset",
          "comment": "Color 51",
          "colors": ["#0091d4"]
        },
        {
          "dmxRange": [201, 204],
          "type": "ColorPreset",
          "comment": "Color 52",
          "colors": ["#0079c0"]
        },
        {
          "dmxRange": [205, 208],
          "type": "ColorPreset",
          "comment": "Color 53",
          "colors": ["#0081b8"]
        },
        {
          "dmxRange": [209, 212],
          "type": "ColorPreset",
          "comment": "Color 54",
          "colors": ["#005373"]
        },
        {
          "dmxRange": [213, 216],
          "type": "ColorPreset",
          "comment": "Color 55",
          "colors": ["#0061a6"]
        },
        {
          "dmxRange": [217, 220],
          "type": "ColorPreset",
          "comment": "Color 56",
          "colors": ["#0164a7"]
        },
        {
          "dmxRange": [221, 224],
          "type": "ColorPreset",
          "comment": "Color 57",
          "colors": ["#002856"]
        },
        {
          "dmxRange": [225, 228],
          "type": "ColorPreset",
          "comment": "Color 58",
          "colors": ["#d1dbb6"]
        },
        {
          "dmxRange": [229, 232],
          "type": "ColorPreset",
          "comment": "Color 59",
          "colors": ["#2aa555"]
        },
        {
          "dmxRange": [233, 236],
          "type": "ColorPreset",
          "comment": "Color 60",
          "colors": ["#002e23"]
        },
        {
          "dmxRange": [237, 240],
          "type": "ColorPreset",
          "comment": "Color 61",
          "colors": ["#086bde"]
        },
        {
          "dmxRange": [241, 244],
          "type": "ColorPreset",
          "comment": "Color 62",
          "colors": ["#6b9ce7"]
        },
        {
          "dmxRange": [245, 248],
          "type": "ColorPreset",
          "comment": "Color 63",
          "colors": ["#a5c6f7"]
        },
        {
          "dmxRange": [249, 252],
          "type": "ColorPreset",
          "comment": "Color 64",
          "colors": ["#0000bd"]
        },
        {
          "dmxRange": [253, 255],
          "type": "ColorPreset",
          "comment": "White",
          "colors": ["#ffffff"]
        }
      ]
    },
    "Shutter / Strobe": {
      "capabilities": [
        {
          "dmxRange": [0, 31],
          "type": "ShutterStrobe",
          "shutterEffect": "Closed"
        },
        {
          "dmxRange": [32, 63],
          "type": "ShutterStrobe",
          "shutterEffect": "Open"
        },
        {
          "dmxRange": [64, 95],
          "type": "ShutterStrobe",
          "shutterEffect": "Strobe",
          "speedStart": "slow",
          "speedEnd": "fast"
        },
        {
          "dmxRange": [96, 127],
          "type": "ShutterStrobe",
          "shutterEffect": "Open"
        },
        {
          "dmxRange": [128, 159],
          "type": "ShutterStrobe",
          "shutterEffect": "Pulse",
          "speedStart": "slow",
          "speedEnd": "fast"
        },
        {
          "dmxRange": [160, 191],
          "type": "ShutterStrobe",
          "shutterEffect": "Open"
        },
        {
          "dmxRange": [192, 223],
          "type": "ShutterStrobe",
          "shutterEffect": "Strobe",
          "speedStart": "slow",
          "speedEnd": "fast",
          "randomTiming": true
        },
        {
          "dmxRange": [224, 255],
          "type": "ShutterStrobe",
          "shutterEffect": "Open"
        }
      ]
    },
    "Master Dimmer": {
      "capability": {
        "type": "Intensity"
      }
    },
    "Red": {
      "capability": {
        "type": "ColorIntensity",
        "color": "Red"
      }
    },
    "Green": {
      "capability": {
        "type": "ColorIntensity",
        "color": "Green"
      }
    },
    "Blue": {
      "capability": {
        "type": "ColorIntensity",
        "color": "Blue"
      }
    },
    "Amber": {
      "capability": {
        "type": "ColorIntensity",
        "color": "Amber"
      }
    },
    "Dimmer Curves": {
      "capabilities": [
        {
          "dmxRange": [0, 20],
          "type": "Maintenance",
          "comment": "Standard"
        },
        {
          "dmxRange": [21, 40],
          "type": "Maintenance",
          "comment": "Stage"
        },
        {
          "dmxRange": [41, 60],
          "type": "Maintenance",
          "comment": "TV"
        },
        {
          "dmxRange": [61, 80],
          "type": "Maintenance",
          "comment": "Architectural"
        },
        {
          "dmxRange": [81, 100],
          "type": "Maintenance",
          "comment": "Theatre"
        },
        {
          "dmxRange": [101, 255],
          "type": "Maintenance",
          "comment": "Default to Unit Setting"
        }
      ]
    },
    "Program Selection Mode": {
      "defaultValue": 0,
      "capabilities": [
        {
          "dmxRange": [0, 51],
          "type": "Maintenance",
          "comment": "Dimming mode",
          "switchChannels": {
            "Program Selection": "Color Macros",
            "Program Speed / Sound Sensitivity": "Program Speed"
          }
        },
        {
          "dmxRange": [52, 102],
          "type": "Maintenance",
          "comment": "Color Macro mode",
          "switchChannels": {
            "Program Selection": "Color Macros",
            "Program Speed / Sound Sensitivity": "Program Speed"
          }
        },
        {
          "dmxRange": [103, 153],
          "type": "Maintenance",
          "comment": "Color Change mode",
          "switchChannels": {
            "Program Selection": "Color Change Programs",
            "Program Speed / Sound Sensitivity": "Program Speed"
          }
        },
        {
          "dmxRange": [154, 204],
          "type": "Maintenance",
          "comment": "Color Fade mode",
          "switchChannels": {
            "Program Selection": "Color Fade Programs",
            "Program Speed / Sound Sensitivity": "Program Speed"
          }
        },
        {
          "dmxRange": [205, 255],
          "type": "Maintenance",
          "comment": "Sound active mode",
          "switchChannels": {
            "Program Selection": "Sound Active Programs",
            "Program Speed / Sound Sensitivity": "Sound Sensitivity"
          }
        }
      ]
    },
    "Color Change Programs": {
      "capabilities": [
        {
          "dmxRange": [0, 15],
          "type": "Effect",
          "effectPreset": "ColorJump",
          "comment": "Program 1"
        },
        {
          "dmxRange": [16, 31],
          "type": "Effect",
          "effectPreset": "ColorJump",
          "comment": "Program 2"
        },
        {
          "dmxRange": [32, 47],
          "type": "Effect",
          "effectPreset": "ColorJump",
          "comment": "Program 3"
        },
        {
          "dmxRange": [48, 63],
          "type": "Effect",
          "effectPreset": "ColorJump",
          "comment": "Program 4"
        },
        {
          "dmxRange": [64, 79],
          "type": "Effect",
          "effectPreset": "ColorJump",
          "comment": "Program 5"
        },
        {
          "dmxRange": [80, 95],
          "type": "Effect",
          "effectPreset": "ColorJump",
          "comment": "Program 6"
        },
        {
          "dmxRange": [96, 111],
          "type": "Effect",
          "effectPreset": "ColorJump",
          "comment": "Program 7"
        },
        {
          "dmxRange": [112, 127],
          "type": "Effect",
          "effectPreset": "ColorJump",
          "comment": "Program 8"
        },
        {
          "dmxRange": [128, 143],
          "type": "Effect",
          "effectPreset": "ColorJump",
          "comment": "Program 9"
        },
        {
          "dmxRange": [144, 159],
          "type": "Effect",
          "effectPreset": "ColorJump",
          "comment": "Program 10"
        },
        {
          "dmxRange": [160, 175],
          "type": "Effect",
          "effectPreset": "ColorJump",
          "comment": "Program 11"
        },
        {
          "dmxRange": [176, 191],
          "type": "Effect",
          "effectPreset": "ColorJump",
          "comment": "Program 12"
        },
        {
          "dmxRange": [192, 207],
          "type": "Effect",
          "effectPreset": "ColorJump",
          "comment": "Program 13"
        },
        {
          "dmxRange": [208, 223],
          "type": "Effect",
          "effectPreset": "ColorJump",
          "comment": "Program 14"
        },
        {
          "dmxRange": [224, 239],
          "type": "Effect",
          "effectPreset": "ColorJump",
          "comment": "Program 15"
        },
        {
          "dmxRange": [240, 255],
          "type": "Effect",
          "effectPreset": "ColorJump",
          "comment": "Program 16"
        }
      ]
    },
    "Color Fade Programs": {
      "capabilities": [
        {
          "dmxRange": [0, 15],
          "type": "Effect",
          "effectPreset": "ColorFade",
          "comment": "Program 1"
        },
        {
          "dmxRange": [16, 31],
          "type": "Effect",
          "effectPreset": "ColorFade",
          "comment": "Program 2"
        },
        {
          "dmxRange": [32, 47],
          "type": "Effect",
          "effectPreset": "ColorFade",
          "comment": "Program 3"
        },
        {
          "dmxRange": [48, 63],
          "type": "Effect",
          "effectPreset": "ColorFade",
          "comment": "Program 4"
        },
        {
          "dmxRange": [64, 79],
          "type": "Effect",
          "effectPreset": "ColorFade",
          "comment": "Program 5"
        },
        {
          "dmxRange": [80, 95],
          "type": "Effect",
          "effectPreset": "ColorFade",
          "comment": "Program 6"
        },
        {
          "dmxRange": [96, 111],
          "type": "Effect",
          "effectPreset": "ColorFade",
          "comment": "Program 7"
        },
        {
          "dmxRange": [112, 127],
          "type": "Effect",
          "effectPreset": "ColorFade",
          "comment": "Program 8"
        },
        {
          "dmxRange": [128, 143],
          "type": "Effect",
          "effectPreset": "ColorFade",
          "comment": "Program 9"
        },
        {
          "dmxRange": [144, 159],
          "type": "Effect",
          "effectPreset": "ColorFade",
          "comment": "Program 10"
        },
        {
          "dmxRange": [160, 175],
          "type": "Effect",
          "effectPreset": "ColorFade",
          "comment": "Program 11"
        },
        {
          "dmxRange": [176, 191],
          "type": "Effect",
          "effectPreset": "ColorFade",
          "comment": "Program 12"
        },
        {
          "dmxRange": [192, 207],
          "type": "Effect",
          "effectPreset": "ColorFade",
          "comment": "Program 13"
        },
        {
          "dmxRange": [208, 223],
          "type": "Effect",
          "effectPreset": "ColorFade",
          "comment": "Program 14"
        },
        {
          "dmxRange": [224, 239],
          "type": "Effect",
          "effectPreset": "ColorFade",
          "comment": "Program 15"
        },
        {
          "dmxRange": [240, 255],
          "type": "Effect",
          "effectPreset": "ColorFade",
          "comment": "Program 16"
        }
      ]
    },
    "Sound Active Programs": {
      "capabilities": [
        {
          "dmxRange": [0, 15],
          "type": "Effect",
          "effectPreset": "ColorJump",
          "comment": "Program 1",
          "soundControlled": true
        },
        {
          "dmxRange": [16, 31],
          "type": "Effect",
          "effectPreset": "ColorJump",
          "comment": "Program 2",
          "soundControlled": true
        },
        {
          "dmxRange": [32, 47],
          "type": "Effect",
          "effectPreset": "ColorJump",
          "comment": "Program 3",
          "soundControlled": true
        },
        {
          "dmxRange": [48, 63],
          "type": "Effect",
          "effectPreset": "ColorJump",
          "comment": "Program 4",
          "soundControlled": true
        },
        {
          "dmxRange": [64, 79],
          "type": "Effect",
          "effectPreset": "ColorJump",
          "comment": "Program 5",
          "soundControlled": true
        },
        {
          "dmxRange": [80, 95],
          "type": "Effect",
          "effectPreset": "ColorJump",
          "comment": "Program 6",
          "soundControlled": true
        },
        {
          "dmxRange": [96, 111],
          "type": "Effect",
          "effectPreset": "ColorJump",
          "comment": "Program 7",
          "soundControlled": true
        },
        {
          "dmxRange": [112, 127],
          "type": "Effect",
          "effectPreset": "ColorJump",
          "comment": "Program 8",
          "soundControlled": true
        },
        {
          "dmxRange": [128, 143],
          "type": "Effect",
          "effectPreset": "ColorJump",
          "comment": "Program 9",
          "soundControlled": true
        },
        {
          "dmxRange": [144, 159],
          "type": "Effect",
          "effectPreset": "ColorJump",
          "comment": "Program 10",
          "soundControlled": true
        },
        {
          "dmxRange": [160, 175],
          "type": "Effect",
          "effectPreset": "ColorJump",
          "comment": "Program 11",
          "soundControlled": true
        },
        {
          "dmxRange": [176, 191],
          "type": "Effect",
          "effectPreset": "ColorJump",
          "comment": "Program 12",
          "soundControlled": true
        },
        {
          "dmxRange": [192, 207],
          "type": "Effect",
          "effectPreset": "ColorJump",
          "comment": "Program 13",
          "soundControlled": true
        },
        {
          "dmxRange": [208, 223],
          "type": "Effect",
          "effectPreset": "ColorJump",
          "comment": "Program 14",
          "soundControlled": true
        },
        {
          "dmxRange": [224, 239],
          "type": "Effect",
          "effectPreset": "ColorJump",
          "comment": "Program 15",
          "soundControlled": true
        },
        {
          "dmxRange": [240, 255],
          "type": "Effect",
          "effectPreset": "ColorJump",
          "comment": "Program 16",
          "soundControlled": true
        }
      ]
    },
    "Program Speed": {
      "capability": {
        "type": "EffectSpeed",
        "speedStart": "slow",
        "speedEnd": "fast"
      }
    },
    "Sound Sensitivity": {
      "capability": {
        "type": "SoundSensitivity",
        "soundSensitivityStart": "low",
        "soundSensitivityEnd": "high"
      }
    }
  },
  "modes": [
    {
      "name": "3-channel",
      "shortName": "3ch",
      "channels": [
        "Color Macros",
        "Shutter / Strobe",
        "Master Dimmer"
      ]
    },
    {
      "name": "4-channel",
      "shortName": "4ch",
      "channels": [
        "Red",
        "Green",
        "Blue",
        "Amber"
      ]
    },
    {
      "name": "5-channel",
      "shortName": "5ch",
      "channels": [
        "Red",
        "Green",
        "Blue",
        "Amber",
        "Master Dimmer"
      ]
    },
    {
      "name": "6-channel",
      "shortName": "6ch",
      "channels": [
        "Red",
        "Green",
        "Blue",
        "Amber",
        "Shutter / Strobe",
        "Master Dimmer"
      ]
    },
    {
      "name": "7-channel",
      "shortName": "7ch",
      "channels": [
        "Red",
        "Green",
        "Blue",
        "Amber",
        "Shutter / Strobe",
        "Master Dimmer",
        "Dimmer Curves"
      ]
    },
    {
      "name": "9-channel",
      "shortName": "9ch",
      "channels": [
        "Red",
        "Green",
        "Blue",
        "Amber",
        "Shutter / Strobe",
        "Master Dimmer",
        "Program Selection Mode",
        "Program Selection",
        "Program Speed / Sound Sensitivity"
      ]
    },
    {
      "name": "10-channel",
      "shortName": "10ch",
      "channels": [
        "Red",
        "Green",
        "Blue",
        "Amber",
        "Shutter / Strobe",
        "Master Dimmer",
        "Program Selection Mode",
        "Program Selection",
        "Program Speed / Sound Sensitivity",
        "Dimmer Curves"
      ]
    }
  ],
  "fixtureKey": "cob-cannon-wash",
  "manufacturerKey": "american-dj",
  "oflURL": "https://open-fixture-library.org/american-dj/cob-cannon-wash"
}
