{
  "$schema": "https://raw.githubusercontent.com/OpenLightingProject/open-fixture-library/schema-12.4.0/schemas/fixture.json",
  "name": "Revo Sweep",
  "shortName": "ADJRevoSweep",
  "categories": ["Flower", "Color Changer"],
  "meta": {
    "authors": ["Felix Edelmann"],
    "createDate": "2018-02-06",
    "lastModifyDate": "2018-08-24"
  },
  "links": {
    "manual": [
      "http://adjmedia.s3-website-eu-west-1.amazonaws.com/manuals/revo_sweep.pdf"
    ],
    "video": [
      "https://www.youtube.com/watch?v=FnVigOaqr4E"
    ]
  },
  "physical": {
    "dimensions": [317, 182, 250],
    "weight": 2,
    "power": 13,
    "DMXconnector": "3-pin",
    "bulb": {
      "type": "LED"
    },
    "lens": {
      "degreesMinMax": [116, 116]
    }
  },
  "matrix": {
    "pixelCount": [
      7,
      1,
      1
    ]
  },
  "availableChannels": {
    "Mode": {
      "defaultValue": 0,
      "capabilities": [
        {
          "dmxRange": [0, 119],
          "type": "Effect",
          "effectName": "Color",
          "switchChannels": {
            "Color / Chase": "Color",
            "Strobe / Chase Speed": "Strobe"
          }
        },
        {
          "dmxRange": [120, 239],
          "type": "Effect",
          "effectName": "Chase",
          "switchChannels": {
            "Color / Chase": "Chase",
            "Strobe / Chase Speed": "Chase Speed"
          }
        },
        {
          "dmxRange": [240, 255],
          "type": "Effect",
          "effectName": "Sound Active",
          "soundControlled": true,
          "switchChannels": {
            "Color / Chase": "Color",
            "Strobe / Chase Speed": "Strobe"
          }
        }
      ]
    },
    "Color": {
      "defaultValue": 0,
      "capabilities": [
        {
          "dmxRange": [0, 15],
          "type": "NoFunction"
        },
        {
          "dmxRange": [16, 31],
          "type": "ColorPreset",
          "comment": "Color 1",
          "helpWanted": "Which colors can be selected in this channel?"
        },
        {
          "dmxRange": [32, 47],
          "type": "ColorPreset",
          "comment": "Color 2"
        },
        {
          "dmxRange": [48, 63],
          "type": "ColorPreset",
          "comment": "Color 3"
        },
        {
          "dmxRange": [64, 79],
          "type": "ColorPreset",
          "comment": "Color 4"
        },
        {
          "dmxRange": [80, 95],
          "type": "ColorPreset",
          "comment": "Color 5"
        },
        {
          "dmxRange": [96, 111],
          "type": "ColorPreset",
          "comment": "Color 6"
        },
        {
          "dmxRange": [112, 127],
          "type": "ColorPreset",
          "comment": "Color 7"
        },
        {
          "dmxRange": [128, 143],
          "type": "ColorPreset",
          "comment": "Color 8"
        },
        {
          "dmxRange": [144, 159],
          "type": "ColorPreset",
          "comment": "Color 9"
        },
        {
          "dmxRange": [160, 175],
          "type": "ColorPreset",
          "comment": "Color 10"
        },
        {
          "dmxRange": [176, 191],
          "type": "ColorPreset",
          "comment": "Color 11"
        },
        {
          "dmxRange": [192, 207],
          "type": "ColorPreset",
          "comment": "Color 12"
        },
        {
          "dmxRange": [208, 223],
          "type": "ColorPreset",
          "comment": "Color 13"
        },
        {
          "dmxRange": [224, 239],
          "type": "ColorPreset",
          "comment": "Color 14"
        },
        {
          "dmxRange": [240, 255],
          "type": "ColorPreset",
          "comment": "Color 15"
        }
      ]
    },
    "Chase": {
      "defaultValue": 0,
      "capabilities": [
        {
          "dmxRange": [0, 9],
          "type": "NoFunction"
        },
        {
          "dmxRange": [10, 19],
          "type": "Effect",
          "effectName": "Chase 1"
        },
        {
          "dmxRange": [20, 29],
          "type": "Effect",
          "effectName": "Chase 2"
        },
        {
          "dmxRange": [30, 39],
          "type": "Effect",
          "effectName": "Chase 3"
        },
        {
          "dmxRange": [40, 49],
          "type": "Effect",
          "effectName": "Chase 4"
        },
        {
          "dmxRange": [50, 59],
          "type": "Effect",
          "effectName": "Chase 5"
        },
        {
          "dmxRange": [60, 69],
          "type": "Effect",
          "effectName": "Chase 6"
        },
        {
          "dmxRange": [70, 79],
          "type": "Effect",
          "effectName": "Chase 7"
        },
        {
          "dmxRange": [80, 89],
          "type": "Effect",
          "effectName": "Chase 8"
        },
        {
          "dmxRange": [90, 99],
          "type": "Effect",
          "effectName": "Chase 9"
        },
        {
          "dmxRange": [100, 109],
          "type": "Effect",
          "effectName": "Chase 10"
        },
        {
          "dmxRange": [110, 119],
          "type": "Effect",
          "effectName": "Chase 11"
        },
        {
          "dmxRange": [120, 129],
          "type": "Effect",
          "effectName": "Chase 12"
        },
        {
          "dmxRange": [130, 139],
          "type": "Effect",
          "effectName": "Chase 13"
        },
        {
          "dmxRange": [140, 149],
          "type": "Effect",
          "effectName": "Chase 14"
        },
        {
          "dmxRange": [150, 159],
          "type": "Effect",
          "effectName": "Chase 15"
        },
        {
          "dmxRange": [160, 169],
          "type": "Effect",
          "effectName": "Chase 16"
        },
        {
          "dmxRange": [170, 179],
          "type": "Effect",
          "effectName": "Chase 17"
        },
        {
          "dmxRange": [180, 189],
          "type": "Effect",
          "effectName": "Chase 18"
        },
        {
          "dmxRange": [190, 199],
          "type": "Effect",
          "effectName": "Chase 19"
        },
        {
          "dmxRange": [200, 209],
          "type": "Effect",
          "effectName": "Chase 20"
        },
        {
          "dmxRange": [210, 219],
          "type": "Effect",
          "effectName": "Chase 21"
        },
        {
          "dmxRange": [220, 229],
          "type": "Effect",
          "effectName": "Chase 22"
        },
        {
          "dmxRange": [230, 239],
          "type": "Effect",
          "effectName": "Chase 23"
        },
        {
          "dmxRange": [240, 249],
          "type": "Effect",
          "effectName": "Chase 24"
        },
        {
          "dmxRange": [250, 255],
          "type": "Effect",
          "effectName": "Chase 25"
        }
      ]
    },
    "Strobe": {
      "defaultValue": 0,
      "capabilities": [
        {
          "dmxRange": [0, 9],
          "type": "NoFunction"
        },
        {
          "dmxRange": [10, 255],
          "type": "ShutterStrobe",
          "shutterEffect": "Strobe",
          "speedStart": "slow",
          "speedEnd": "fast"
        }
      ]
    },
    "Chase Speed": {
      "defaultValue": 0,
      "capabilities": [
        {
          "dmxRange": [0, 9],
          "type": "NoFunction"
        },
        {
          "dmxRange": [10, 255],
          "type": "EffectSpeed",
          "speedStart": "slow",
          "speedEnd": "fast"
        }
      ]
    }
  },
  "templateChannels": {
    "Red $pixelKey": {
      "defaultValue": 0,
      "capability": {
        "type": "ColorIntensity",
        "color": "Red"
      }
    },
    "Green $pixelKey": {
      "defaultValue": 0,
      "capability": {
        "type": "ColorIntensity",
        "color": "Green"
      }
    },
    "Blue $pixelKey": {
      "defaultValue": 0,
      "capability": {
        "type": "ColorIntensity",
        "color": "Blue"
      }
    },
    "White $pixelKey": {
      "defaultValue": 0,
      "capability": {
        "type": "ColorIntensity",
        "color": "White"
      }
    }
  },
  "modes": [
    {
      "name": "3-channel",
      "shortName": "3ch",
      "channels": [
        "Mode",
        "Color / Chase",
        "Strobe / Chase Speed"
      ]
    },
    {
      "name": "28-channel",
      "shortName": "28ch",
      "channels": [
        {
          "insert": "matrixChannels",
          "repeatFor": "eachPixelXYZ",
          "channelOrder": "perPixel",
          "templateChannels": [
            "Red $pixelKey",
            "Green $pixelKey",
            "Blue $pixelKey",
            "White $pixelKey"
          ]
        }
      ]
    }
  ],
  "fixtureKey": "revo-sweep",
  "manufacturerKey": "american-dj",
  "oflURL": "https://open-fixture-library.org/american-dj/revo-sweep"
}
