{
  "$schema": "https://raw.githubusercontent.com/OpenLightingProject/open-fixture-library/schema-12.4.0/schemas/fixture.json",
  "name": "VBar Pak",
  "categories": ["Color Changer"],
  "meta": {
    "authors": ["Ken Harris", "Flo Edelmann"],
    "createDate": "2022-04-03",
    "lastModifyDate": "2022-04-03"
  },
  "links": {
    "manual": [
      "https://d295jznhem2tn9.cloudfront.net/ItemRelatedFiles/8659/vbar_pak.pdf"
    ],
    "productPage": [
      "https://www.adj.com/vbar-pak"
    ],
    "video": [
      "https://www.youtube.com/watch?v=bah_MlTImIg"
    ]
  },
  "physical": {
    "dimensions": [560, 63, 90],
    "weight": 1.7,
    "power": 21,
    "DMXconnector": "3-pin",
    "bulb": {
      "type": "5× 4W RGBA LED"
    },
    "lens": {
      "degreesMinMax": [40, 40]
    }
  },
  "availableChannels": {
    "Color Macros": {
      "capabilities": [
        {
          "dmxRange": [0, 15],
          "type": "NoFunction"
        },
        {
          "dmxRange": [16, 31],
          "type": "ColorPreset",
          "comment": "Red",
          "colors": ["#ff0000"]
        },
        {
          "dmxRange": [32, 47],
          "type": "ColorPreset",
          "comment": "Green",
          "colors": ["#00ff00"]
        },
        {
          "dmxRange": [48, 63],
          "type": "ColorPreset",
          "comment": "Blue",
          "colors": ["#0000ff"]
        },
        {
          "dmxRange": [64, 79],
          "type": "ColorPreset",
          "comment": "Amber",
          "colors": ["#ffbf00"]
        },
        {
          "dmxRange": [80, 95],
          "type": "ColorPreset",
          "comment": "Red & Green",
          "colors": ["#ffff00"]
        },
        {
          "dmxRange": [96, 111],
          "type": "ColorPreset",
          "comment": "Red & Blue",
          "colors": ["#ff00ff"]
        },
        {
          "dmxRange": [112, 127],
          "type": "ColorPreset",
          "comment": "Red & Amber",
          "colors": ["#ff6000"]
        },
        {
          "dmxRange": [128, 143],
          "type": "ColorPreset",
          "comment": "Green & Blue",
          "colors": ["#00ffff"]
        },
        {
          "dmxRange": [144, 159],
          "type": "ColorPreset",
          "comment": "Green & Amber",
          "colors": ["#9fff00"]
        },
        {
          "dmxRange": [160, 175],
          "type": "ColorPreset",
          "comment": "Blue & Amber",
          "colors": ["#00ff95"]
        },
        {
          "dmxRange": [176, 191],
          "type": "ColorPreset",
          "comment": "Red & Green & Blue",
          "colors": ["#ffffff"]
        },
        {
          "dmxRange": [192, 207],
          "type": "ColorPreset",
          "comment": "Red & Green & Amber",
          "colors": ["#ffdf00"]
        },
        {
          "dmxRange": [208, 223],
          "type": "ColorPreset",
          "comment": "Red & Blue & Amber",
          "colors": ["#ff0020"]
        },
        {
          "dmxRange": [224, 239],
          "type": "ColorPreset",
          "comment": "Green & Blue & Amber",
          "colors": ["#20ff00"]
        },
        {
          "dmxRange": [240, 255],
          "type": "ColorPreset",
          "comment": "Red & Green & Blue & Amber",
          "colors": ["#ffda6b"]
        }
      ]
    },
    "Dimmer": {
      "capability": {
        "type": "Intensity"
      }
    },
    "Strobe": {
      "capabilities": [
        {
          "dmxRange": [0, 15],
          "type": "ShutterStrobe",
          "shutterEffect": "Open"
        },
        {
          "dmxRange": [16, 255],
          "type": "ShutterStrobe",
          "shutterEffect": "Strobe",
          "speedStart": "slow",
          "speedEnd": "fast"
        }
      ]
    },
    "Program Speed": {
      "capability": {
        "type": "EffectSpeed",
        "speedStart": "slow",
        "speedEnd": "fast"
      }
    },
    "Sound Sensitivity": {
      "capabilities": [
        {
          "dmxRange": [0, 31],
          "type": "SoundSensitivity",
          "soundSensitivity": "off"
        },
        {
          "dmxRange": [32, 255],
          "type": "SoundSensitivity",
          "soundSensitivityStart": "low",
          "soundSensitivityEnd": "high"
        }
      ]
    },
    "Red": {
      "capability": {
        "type": "ColorIntensity",
        "color": "Red"
      }
    },
    "Green": {
      "capability": {
        "type": "ColorIntensity",
        "color": "Green"
      }
    },
    "Blue": {
      "capability": {
        "type": "ColorIntensity",
        "color": "Blue"
      }
    },
    "Amber": {
      "capability": {
        "type": "ColorIntensity",
        "color": "Amber"
      }
    },
    "Mode": {
      "defaultValue": 0,
      "capabilities": [
        {
          "dmxRange": [0, 51],
          "type": "Maintenance",
          "comment": "Dimmer mode",
          "switchChannels": {
            "Strobe / Program Speed / Sound Sensitivity": "Strobe",
            "Color Macros & Modes": "Color Macros"
          }
        },
        {
          "dmxRange": [52, 102],
          "type": "Maintenance",
          "comment": "Color macro mode",
          "switchChannels": {
            "Strobe / Program Speed / Sound Sensitivity": "Strobe",
            "Color Macros & Modes": "Color Macros"
          }
        },
        {
          "dmxRange": [103, 153],
          "type": "Maintenance",
          "comment": "Color change mode",
          "switchChannels": {
            "Strobe / Program Speed / Sound Sensitivity": "Program Speed",
            "Color Macros & Modes": "Color Change Programs"
          }
        },
        {
          "dmxRange": [154, 204],
          "type": "Maintenance",
          "comment": "Color fade mode",
          "switchChannels": {
            "Strobe / Program Speed / Sound Sensitivity": "Program Speed",
            "Color Macros & Modes": "Color Fade Programs"
          }
        },
        {
          "dmxRange": [205, 255],
          "type": "Effect",
          "effectName": "Sound active mode",
          "soundControlled": true,
          "switchChannels": {
            "Strobe / Program Speed / Sound Sensitivity": "Sound Sensitivity",
            "Color Macros & Modes": "Sound Active Programs"
          }
        }
      ]
    },
    "Color Change Programs": {
      "capabilities": [
        {
          "dmxRange": [0, 15],
          "type": "Effect",
          "effectPreset": "ColorJump",
          "comment": "Color change 1"
        },
        {
          "dmxRange": [16, 31],
          "type": "Effect",
          "effectPreset": "ColorJump",
          "comment": "Color change 2"
        },
        {
          "dmxRange": [32, 47],
          "type": "Effect",
          "effectPreset": "ColorJump",
          "comment": "Color change 3"
        },
        {
          "dmxRange": [48, 63],
          "type": "Effect",
          "effectPreset": "ColorJump",
          "comment": "Color change 4"
        },
        {
          "dmxRange": [64, 79],
          "type": "Effect",
          "effectPreset": "ColorJump",
          "comment": "Color change 5"
        },
        {
          "dmxRange": [80, 95],
          "type": "Effect",
          "effectPreset": "ColorJump",
          "comment": "Color change 6"
        },
        {
          "dmxRange": [96, 111],
          "type": "Effect",
          "effectPreset": "ColorJump",
          "comment": "Color change 7"
        },
        {
          "dmxRange": [112, 127],
          "type": "Effect",
          "effectPreset": "ColorJump",
          "comment": "Color change 8"
        },
        {
          "dmxRange": [128, 143],
          "type": "Effect",
          "effectPreset": "ColorJump",
          "comment": "Color change 9"
        },
        {
          "dmxRange": [144, 159],
          "type": "Effect",
          "effectPreset": "ColorJump",
          "comment": "Color change 10"
        },
        {
          "dmxRange": [160, 175],
          "type": "Effect",
          "effectPreset": "ColorJump",
          "comment": "Color change 11"
        },
        {
          "dmxRange": [176, 191],
          "type": "Effect",
          "effectPreset": "ColorJump",
          "comment": "Color change 12"
        },
        {
          "dmxRange": [192, 207],
          "type": "Effect",
          "effectPreset": "ColorJump",
          "comment": "Color change 13"
        },
        {
          "dmxRange": [208, 223],
          "type": "Effect",
          "effectPreset": "ColorJump",
          "comment": "Color change 14"
        },
        {
          "dmxRange": [224, 239],
          "type": "Effect",
          "effectPreset": "ColorJump",
          "comment": "Color change 15"
        },
        {
          "dmxRange": [240, 255],
          "type": "Effect",
          "effectPreset": "ColorJump",
          "comment": "Color change 16"
        }
      ]
    },
    "Color Fade Programs": {
      "capabilities": [
        {
          "dmxRange": [0, 15],
          "type": "Effect",
          "effectPreset": "ColorFade",
          "comment": "Color fade 1"
        },
        {
          "dmxRange": [16, 31],
          "type": "Effect",
          "effectPreset": "ColorFade",
          "comment": "Color fade 2"
        },
        {
          "dmxRange": [32, 47],
          "type": "Effect",
          "effectPreset": "ColorFade",
          "comment": "Color fade 3"
        },
        {
          "dmxRange": [48, 63],
          "type": "Effect",
          "effectPreset": "ColorFade",
          "comment": "Color fade 4"
        },
        {
          "dmxRange": [64, 79],
          "type": "Effect",
          "effectPreset": "ColorFade",
          "comment": "Color fade 5"
        },
        {
          "dmxRange": [80, 95],
          "type": "Effect",
          "effectPreset": "ColorFade",
          "comment": "Color fade 6"
        },
        {
          "dmxRange": [96, 111],
          "type": "Effect",
          "effectPreset": "ColorFade",
          "comment": "Color fade 7"
        },
        {
          "dmxRange": [112, 127],
          "type": "Effect",
          "effectPreset": "ColorFade",
          "comment": "Color fade 8"
        },
        {
          "dmxRange": [128, 143],
          "type": "Effect",
          "effectPreset": "ColorFade",
          "comment": "Color fade 9"
        },
        {
          "dmxRange": [144, 159],
          "type": "Effect",
          "effectPreset": "ColorFade",
          "comment": "Color fade 10"
        },
        {
          "dmxRange": [160, 175],
          "type": "Effect",
          "effectPreset": "ColorFade",
          "comment": "Color fade 11"
        },
        {
          "dmxRange": [176, 191],
          "type": "Effect",
          "effectPreset": "ColorFade",
          "comment": "Color fade 12"
        },
        {
          "dmxRange": [192, 207],
          "type": "Effect",
          "effectPreset": "ColorFade",
          "comment": "Color fade 13"
        },
        {
          "dmxRange": [208, 223],
          "type": "Effect",
          "effectPreset": "ColorFade",
          "comment": "Color fade 14"
        },
        {
          "dmxRange": [224, 239],
          "type": "Effect",
          "effectPreset": "ColorFade",
          "comment": "Color fade 15"
        },
        {
          "dmxRange": [240, 255],
          "type": "Effect",
          "effectPreset": "ColorFade",
          "comment": "Color fade 16"
        }
      ]
    },
    "Sound Active Programs": {
      "capabilities": [
        {
          "dmxRange": [0, 15],
          "type": "Effect",
          "effectName": "Sound active mode 1",
          "soundControlled": true
        },
        {
          "dmxRange": [16, 31],
          "type": "Effect",
          "effectName": "Sound active mode 2",
          "soundControlled": true
        },
        {
          "dmxRange": [32, 47],
          "type": "Effect",
          "effectName": "Sound active mode 3",
          "soundControlled": true
        },
        {
          "dmxRange": [48, 63],
          "type": "Effect",
          "effectName": "Sound active mode 4",
          "soundControlled": true
        },
        {
          "dmxRange": [64, 79],
          "type": "Effect",
          "effectName": "Sound active mode 5",
          "soundControlled": true
        },
        {
          "dmxRange": [80, 95],
          "type": "Effect",
          "effectName": "Sound active mode 6",
          "soundControlled": true
        },
        {
          "dmxRange": [96, 111],
          "type": "Effect",
          "effectName": "Sound active mode 7",
          "soundControlled": true
        },
        {
          "dmxRange": [112, 127],
          "type": "Effect",
          "effectName": "Sound active mode 8",
          "soundControlled": true
        },
        {
          "dmxRange": [128, 143],
          "type": "Effect",
          "effectName": "Sound active mode 9",
          "soundControlled": true
        },
        {
          "dmxRange": [144, 159],
          "type": "Effect",
          "effectName": "Sound active mode 10",
          "soundControlled": true
        },
        {
          "dmxRange": [160, 175],
          "type": "Effect",
          "effectName": "Sound active mode 11",
          "soundControlled": true
        },
        {
          "dmxRange": [176, 191],
          "type": "Effect",
          "effectName": "Sound active mode 12",
          "soundControlled": true
        },
        {
          "dmxRange": [192, 207],
          "type": "Effect",
          "effectName": "Sound active mode 13",
          "soundControlled": true
        },
        {
          "dmxRange": [208, 223],
          "type": "Effect",
          "effectName": "Sound active mode 14",
          "soundControlled": true
        },
        {
          "dmxRange": [224, 239],
          "type": "Effect",
          "effectName": "Sound active mode 15",
          "soundControlled": true
        },
        {
          "dmxRange": [240, 255],
          "type": "Effect",
          "effectName": "Sound active mode 16",
          "soundControlled": true
        }
      ]
    }
  },
  "modes": [
    {
      "name": "1-channel",
      "shortName": "1ch",
      "channels": [
        "Color Macros"
      ]
    },
    {
      "name": "2-channel",
      "shortName": "2ch",
      "channels": [
        "Color Macros",
        "Dimmer"
      ]
    },
    {
      "name": "3-channel",
      "shortName": "3ch",
      "channels": [
        "Color Macros",
        "Dimmer",
        "Strobe"
      ]
    },
    {
      "name": "4-channel",
      "shortName": "4ch",
      "channels": [
        "Red",
        "Green",
        "Blue",
        "Amber"
      ]
    },
    {
      "name": "5-channel",
      "shortName": "5ch",
      "channels": [
        "Red",
        "Green",
        "Blue",
        "Amber",
        "Dimmer"
      ]
    },
    {
      "name": "6-channel",
      "shortName": "6ch",
      "channels": [
        "Red",
        "Green",
        "Blue",
        "Amber",
        "Dimmer",
        "Color Macros"
      ]
    },
    {
      "name": "7-channel",
      "shortName": "7ch",
      "channels": [
        "Red",
        "Green",
        "Blue",
        "Amber",
        "Dimmer",
        "Strobe",
        "Color Macros"
      ]
    },
    {
      "name": "8-channel",
      "shortName": "8ch",
      "channels": [
        "Red",
        "Green",
        "Blue",
        "Amber",
        "Dimmer",
        "Strobe / Program Speed / Sound Sensitivity",
        "Mode",
        "Color Macros & Modes"
      ]
    }
  ],
  "fixtureKey": "vbar-pak",
  "manufacturerKey": "american-dj",
  "oflURL": "https://open-fixture-library.org/american-dj/vbar-pak"
}
