{
  "$schema": "https://raw.githubusercontent.com/OpenLightingProject/open-fixture-library/schema-12.4.0/schemas/fixture.json",
  "name": "Freedom H1",
  "shortName": "Freedom",
  "categories": ["Color Changer"],
  "meta": {
    "authors": ["JD"],
    "createDate": "2018-11-13",
    "lastModifyDate": "2018-11-13"
  },
  "links": {
    "manual": [
      "https://www.chauvetdj.com/wp-content/uploads/2018/01/Freedom_H1_UM_Rev1_WO.pdf"
    ],
    "productPage": [
      "https://www.chauvetdj.com/products/freedom-h1-x4/"
    ],
    "video": [
      "https://www.youtube.com/watch?v=URIuq7kCcV0"
    ]
  },
  "physical": {
    "dimensions": [75, 139, 97],
    "weight": 0.7,
    "power": 35,
    "bulb": {
      "type": "1× 10W RGBAW+UV LED"
    },
    "lens": {
      "degreesMinMax": [21, 32]
    }
  },
  "availableChannels": {
    "Dimmer": {
      "capability": {
        "type": "Intensity"
      }
    },
    "Red": {
      "capability": {
        "type": "ColorIntensity",
        "color": "Red"
      }
    },
    "Green": {
      "capability": {
        "type": "ColorIntensity",
        "color": "Green"
      }
    },
    "Blue": {
      "capability": {
        "type": "ColorIntensity",
        "color": "Blue"
      }
    },
    "Amber": {
      "capability": {
        "type": "ColorIntensity",
        "color": "Amber"
      }
    },
    "White": {
      "capability": {
        "type": "ColorIntensity",
        "color": "White"
      }
    },
    "UV": {
      "capability": {
        "type": "ColorIntensity",
        "color": "UV"
      }
    },
    "Strobe": {
      "capabilities": [
        {
          "dmxRange": [0, 10],
          "type": "NoFunction"
        },
        {
          "dmxRange": [11, 255],
          "type": "ShutterStrobe",
          "shutterEffect": "Strobe",
          "speedStart": "0Hz",
          "speedEnd": "25Hz"
        }
      ]
    },
    "Color Macros": {
      "capabilities": [
        {
          "dmxRange": [0, 10],
          "type": "NoFunction"
        },
        {
          "dmxRange": [11, 30],
          "type": "ColorPreset",
          "comment": "Red … Yellow",
          "colorsStart": ["#ff0000"],
          "colorsEnd": ["#ffff00"]
        },
        {
          "dmxRange": [31, 50],
          "type": "ColorPreset",
          "comment": "Yellow … Green",
          "colorsStart": ["#ffff00"],
          "colorsEnd": ["#00ff00"]
        },
        {
          "dmxRange": [51, 70],
          "type": "ColorPreset",
          "comment": "Green … Cyan",
          "colorsStart": ["#00ff00"],
          "colorsEnd": ["#00ffff"]
        },
        {
          "dmxRange": [71, 90],
          "type": "ColorPreset",
          "comment": "Cyan … Blue",
          "colorsStart": ["#00ffff"],
          "colorsEnd": ["#0000ff"]
        },
        {
          "dmxRange": [91, 110],
          "type": "ColorPreset",
          "comment": "Blue … Pink",
          "colorsStart": ["#0000ff"],
          "colorsEnd": ["#ff00ff"]
        },
        {
          "dmxRange": [111, 130],
          "type": "ColorPreset",
          "comment": "Pink … Red",
          "colorsStart": ["#ff00ff"],
          "colorsEnd": ["#ff0000"]
        },
        {
          "dmxRange": [131, 150],
          "type": "ColorPreset",
          "comment": "Red … White",
          "colorsStart": ["#ff0000"],
          "colorsEnd": ["#ffffff"]
        },
        {
          "dmxRange": [151, 170],
          "type": "ColorPreset",
          "comment": "White … Blue",
          "colorsStart": ["#ffffff"],
          "colorsEnd": ["#0000ff"]
        },
        {
          "dmxRange": [171, 200],
          "type": "ColorPreset",
          "comment": "RGBA",
          "colors": ["#ffdf80"]
        },
        {
          "dmxRange": [201, 205],
          "type": "ColorPreset",
          "comment": "Color 1",
          "helpWanted": "What are Colors 1 to 11 (names and hex values)?"
        },
        {
          "dmxRange": [206, 210],
          "type": "ColorPreset",
          "comment": "Color 2"
        },
        {
          "dmxRange": [211, 215],
          "type": "ColorPreset",
          "comment": "Color 3"
        },
        {
          "dmxRange": [216, 220],
          "type": "ColorPreset",
          "comment": "Color 4"
        },
        {
          "dmxRange": [221, 225],
          "type": "ColorPreset",
          "comment": "Color 5"
        },
        {
          "dmxRange": [226, 230],
          "type": "ColorPreset",
          "comment": "Color 6"
        },
        {
          "dmxRange": [231, 235],
          "type": "ColorPreset",
          "comment": "Color 7"
        },
        {
          "dmxRange": [236, 240],
          "type": "ColorPreset",
          "comment": "Color 8"
        },
        {
          "dmxRange": [241, 245],
          "type": "ColorPreset",
          "comment": "Color 9"
        },
        {
          "dmxRange": [246, 250],
          "type": "ColorPreset",
          "comment": "Color 10"
        },
        {
          "dmxRange": [251, 255],
          "type": "ColorPreset",
          "comment": "Color 11"
        }
      ]
    },
    "Programs": {
      "defaultValue": 0,
      "capabilities": [
        {
          "dmxRange": [0, 10],
          "type": "NoFunction",
          "switchChannels": {
            "Program Speed / Sound Sensitivity": "Program Speed"
          }
        },
        {
          "dmxRange": [11, 60],
          "type": "Effect",
          "effectName": "Auto program 1",
          "switchChannels": {
            "Program Speed / Sound Sensitivity": "Program Speed"
          }
        },
        {
          "dmxRange": [61, 120],
          "type": "Effect",
          "effectName": "Auto program 2",
          "switchChannels": {
            "Program Speed / Sound Sensitivity": "Program Speed"
          }
        },
        {
          "dmxRange": [121, 180],
          "type": "Effect",
          "effectName": "Auto program 3",
          "switchChannels": {
            "Program Speed / Sound Sensitivity": "Program Speed"
          }
        },
        {
          "dmxRange": [181, 240],
          "type": "Effect",
          "effectName": "Auto program 4",
          "switchChannels": {
            "Program Speed / Sound Sensitivity": "Program Speed"
          }
        },
        {
          "dmxRange": [241, 255],
          "type": "Effect",
          "effectName": "Sound-active program",
          "soundControlled": true,
          "switchChannels": {
            "Program Speed / Sound Sensitivity": "Sound Sensitivity"
          }
        }
      ]
    },
    "Program Speed": {
      "capability": {
        "type": "EffectSpeed",
        "speedStart": "slow",
        "speedEnd": "fast"
      }
    },
    "Sound Sensitivity": {
      "capabilities": [
        {
          "dmxRange": [0, 10],
          "type": "SoundSensitivity",
          "soundSensitivity": "off"
        },
        {
          "dmxRange": [11, 255],
          "type": "SoundSensitivity",
          "soundSensitivityStart": "low",
          "soundSensitivityEnd": "high"
        }
      ]
    },
    "Dimmer Speed": {
      "capabilities": [
        {
          "dmxRange": [0, 51],
          "type": "NoFunction",
          "comment": "Preset dimmer speed from display menu"
        },
        {
          "dmxRange": [52, 101],
          "type": "Maintenance",
          "comment": "Dimmer speed off"
        },
        {
          "dmxRange": [102, 152],
          "type": "Maintenance",
          "comment": "Dimmer speed fast"
        },
        {
          "dmxRange": [153, 203],
          "type": "Maintenance",
          "comment": "Dimmer speed medium"
        },
        {
          "dmxRange": [204, 255],
          "type": "Maintenance",
          "comment": "Dimmer speed slow"
        }
      ]
    }
  },
  "modes": [
    {
      "name": "12-channel",
      "shortName": "12ch",
      "channels": [
        "Dimmer",
        "Red",
        "Green",
        "Blue",
        "Amber",
        "White",
        "UV",
        "Strobe",
        "Color Macros",
        "Programs",
        "Program Speed / Sound Sensitivity",
        "Dimmer Speed"
      ]
    },
    {
      "name": "8-channel",
      "shortName": "8ch",
      "channels": [
        "Dimmer",
        "Red",
        "Green",
        "Blue",
        "Amber",
        "White",
        "UV",
        "Strobe"
      ]
    },
    {
      "name": "6-channel",
      "shortName": "6ch",
      "channels": [
        "Red",
        "Green",
        "Blue",
        "Amber",
        "White",
        "UV"
      ]
    }
  ],
  "fixtureKey": "freedom-h1",
  "manufacturerKey": "chauvet-dj",
  "oflURL": "https://open-fixture-library.org/chauvet-dj/freedom-h1"
}
