{
  "$schema": "https://raw.githubusercontent.com/OpenLightingProject/open-fixture-library/schema-12.4.0/schemas/fixture.json",
  "name": "SlimPAR Pro RGBA",
  "categories": ["Color Changer"],
  "meta": {
    "authors": ["Ken Harris"],
    "createDate": "2022-03-24",
    "lastModifyDate": "2022-03-24"
  },
  "links": {
    "manual": [
      "https://www.chauvetdj.com/wp-content/uploads/2015/12/SlimPAR_Pro_RGBA_UM_Rev5_WO.pdf"
    ],
    "productPage": [
      "https://www.chauvetdj.com/products/slimpar-pro-rgba/"
    ],
    "video": [
      "https://www.youtube.com/watch?v=sXaC7ZqkGy4"
    ]
  },
  "physical": {
    "dimensions": [256, 290, 87],
    "weight": 2.8,
    "power": 90,
    "DMXconnector": "3-pin",
    "bulb": {
      "type": "42× 1W RGBA LED"
    },
    "lens": {
      "degreesMinMax": [21, 21]
    }
  },
  "availableChannels": {
    "Red": {
      "capability": {
        "type": "ColorIntensity",
        "color": "Red",
        "brightnessStart": "0%",
        "brightnessEnd": "100%"
      }
    },
    "Green": {
      "capability": {
        "type": "ColorIntensity",
        "color": "Green",
        "brightnessStart": "0%",
        "brightnessEnd": "100%"
      }
    },
    "Blue": {
      "capability": {
        "type": "ColorIntensity",
        "color": "Blue",
        "brightnessStart": "0%",
        "brightnessEnd": "100%"
      }
    },
    "Amber": {
      "capability": {
        "type": "ColorIntensity",
        "color": "Amber",
        "brightnessStart": "0%",
        "brightnessEnd": "100%"
      }
    },
    "Dimmer": {
      "capability": {
        "type": "Intensity",
        "brightnessStart": "0%",
        "brightnessEnd": "100%"
      }
    },
    "Color Macros": {
      "capabilities": [
        {
          "dmxRange": [0, 10],
          "type": "NoFunction"
        },
        {
          "dmxRange": [11, 30],
          "type": "ColorPreset",
          "comment": "Red … Yellow",
          "colorsStart": ["#ff0000"],
          "colorsEnd": ["#ffff00"]
        },
        {
          "dmxRange": [31, 50],
          "type": "ColorPreset",
          "comment": "Yellow … Green",
          "colorsStart": ["#ffff00"],
          "colorsEnd": ["#00ff00"]
        },
        {
          "dmxRange": [51, 70],
          "type": "ColorPreset",
          "comment": "Green … Cyan",
          "colorsStart": ["#00ff00"],
          "colorsEnd": ["#00ffff"]
        },
        {
          "dmxRange": [71, 90],
          "type": "ColorPreset",
          "comment": "Cyan … Blue",
          "colorsStart": ["#00ffff"],
          "colorsEnd": ["#0000ff"]
        },
        {
          "dmxRange": [91, 110],
          "type": "ColorPreset",
          "comment": "Blue … Magenta",
          "colorsStart": ["#0000ff"],
          "colorsEnd": ["#ff00ff"]
        },
        {
          "dmxRange": [111, 130],
          "type": "ColorPreset",
          "comment": "Magenta … Red",
          "colorsStart": ["#ff00ff"],
          "colorsEnd": ["#ff0000"]
        },
        {
          "dmxRange": [131, 150],
          "type": "ColorPreset",
          "comment": "Yellow … Magenta",
          "colorsStart": ["#ffff00"],
          "colorsEnd": ["#ff00ff"]
        },
        {
          "dmxRange": [151, 170],
          "type": "ColorPreset",
          "comment": "White … Blue",
          "colorsStart": ["#ffffff"],
          "colorsEnd": ["#0000ff"]
        },
        {
          "dmxRange": [171, 200],
          "type": "ColorPreset",
          "comment": "RGBA",
          "colors": ["#ffffff"]
        },
        {
          "dmxRange": [201, 205],
          "type": "ColorPreset",
          "comment": "White 1",
          "colorTemperature": "3200K"
        },
        {
          "dmxRange": [206, 210],
          "type": "ColorPreset",
          "comment": "White 2",
          "colorTemperature": "3400K"
        },
        {
          "dmxRange": [211, 215],
          "type": "ColorPreset",
          "comment": "White 3",
          "colorTemperature": "4200K"
        },
        {
          "dmxRange": [216, 220],
          "type": "ColorPreset",
          "comment": "White 4",
          "colorTemperature": "4900K"
        },
        {
          "dmxRange": [221, 225],
          "type": "ColorPreset",
          "comment": "White 5",
          "colorTemperature": "5600K"
        },
        {
          "dmxRange": [226, 230],
          "type": "ColorPreset",
          "comment": "White 6",
          "colorTemperature": "5900K"
        },
        {
          "dmxRange": [231, 235],
          "type": "ColorPreset",
          "comment": "White 7",
          "colorTemperature": "6500K"
        },
        {
          "dmxRange": [236, 240],
          "type": "ColorPreset",
          "comment": "White 8",
          "colorTemperature": "7200K"
        },
        {
          "dmxRange": [241, 245],
          "type": "ColorPreset",
          "comment": "White 9",
          "colorTemperature": "8000K"
        },
        {
          "dmxRange": [246, 250],
          "type": "ColorPreset",
          "comment": "White 10",
          "colorTemperature": "8500K"
        },
        {
          "dmxRange": [251, 255],
          "type": "ColorPreset",
          "comment": "White 11",
          "colorTemperature": "10000K"
        }
      ]
    },
    "Strobe": {
      "capabilities": [
        {
          "dmxRange": [0, 9],
          "type": "ShutterStrobe",
          "shutterEffect": "Open"
        },
        {
          "dmxRange": [10, 255],
          "type": "ShutterStrobe",
          "shutterEffect": "Strobe",
          "speedStart": "1Hz",
          "speedEnd": "20Hz"
        }
      ]
    },
    "Auto Programs": {
      "capabilities": [
        {
          "dmxRange": [0, 51],
          "type": "NoFunction"
        },
        {
          "dmxRange": [52, 101],
          "type": "Effect",
          "effectName": "Auto Program 1"
        },
        {
          "dmxRange": [102, 152],
          "type": "Effect",
          "effectName": "Auto Program 2"
        },
        {
          "dmxRange": [153, 203],
          "type": "Effect",
          "effectName": "Auto Program 3"
        },
        {
          "dmxRange": [204, 254],
          "type": "Effect",
          "effectName": "Auto Program 4"
        },
        {
          "dmxRange": [255, 255],
          "type": "Effect",
          "effectName": "Auto Program 5"
        }
      ]
    },
    "Auto Program Speed": {
      "capability": {
        "type": "EffectSpeed",
        "speedStart": "slow",
        "speedEnd": "fast"
      }
    },
    "Dimmer Curve": {
      "capabilities": [
        {
          "dmxRange": [0, 51],
          "type": "Maintenance",
          "comment": "Default speed"
        },
        {
          "dmxRange": [52, 101],
          "type": "Maintenance",
          "comment": "Linear dimmer"
        },
        {
          "dmxRange": [102, 152],
          "type": "Maintenance",
          "comment": "Nonlinear dimmer 1"
        },
        {
          "dmxRange": [153, 203],
          "type": "Maintenance",
          "comment": "Nonlinear dimmer 2"
        },
        {
          "dmxRange": [204, 255],
          "type": "Maintenance",
          "comment": "Nonlinear dimmer 3"
        }
      ]
    }
  },
  "modes": [
    {
      "name": "4-channel",
      "shortName": "4ch",
      "channels": [
        "Red",
        "Green",
        "Blue",
        "Amber"
      ]
    },
    {
      "name": "5-channel",
      "shortName": "5ch",
      "channels": [
        "Dimmer",
        "Red",
        "Green",
        "Blue",
        "Amber"
      ]
    },
    {
      "name": "10-channel",
      "shortName": "10ch",
      "channels": [
        "Dimmer",
        "Red",
        "Green",
        "Blue",
        "Amber",
        "Color Macros",
        "Strobe",
        "Auto Programs",
        "Auto Program Speed",
        "Dimmer Curve"
      ]
    }
  ],
  "fixtureKey": "slimpar-pro-rgba",
  "manufacturerKey": "chauvet-dj",
  "oflURL": "https://open-fixture-library.org/chauvet-dj/slimpar-pro-rgba"
}
