{
  "$schema": "https://raw.githubusercontent.com/OpenLightingProject/open-fixture-library/schema-12.4.0/schemas/fixture.json",
  "name": "ColorSource PAR Deep Blue",
  "categories": ["Color Changer"],
  "meta": {
    "authors": ["Felix Edelmann"],
    "createDate": "2019-10-30",
    "lastModifyDate": "2019-10-30"
  },
  "links": {
    "manual": [
      "https://www.etcconnect.com/WorkArea/DownloadAsset.aspx?id=10737484145",
      "https://www.etcconnect.com/WorkArea/DownloadAsset.aspx?id=10737494638"
    ],
    "productPage": [
      "https://www.etcconnect.com/Products/Lighting-Fixtures/ColorSource-PAR/Features.aspx"
    ],
    "video": [
      "https://www.youtube.com/watch?v=8yZygyTDANU"
    ]
  },
  "physical": {
    "dimensions": [203, 310, 240],
    "weight": 3.77,
    "power": 90,
    "DMXconnector": "5-pin",
    "bulb": {
      "type": "40 Lumileds LUXEON Z LED",
      "lumens": 2429
    },
    "lens": {
      "degreesMinMax": [14.5, 14.5]
    }
  },
  "rdm": {
    "modelId": 514
  },
  "availableChannels": {
    "Intensity": {
      "capability": {
        "type": "Intensity"
      }
    },
    "Red": {
      "capability": {
        "type": "ColorIntensity",
        "color": "Red"
      }
    },
    "Green": {
      "capability": {
        "type": "ColorIntensity",
        "color": "Green"
      }
    },
    "Indigo": {
      "capability": {
        "type": "ColorIntensity",
        "color": "Indigo"
      }
    },
    "Lime": {
      "capability": {
        "type": "ColorIntensity",
        "color": "Lime"
      }
    },
    "Strobe": {
      "capabilities": [
        {
          "dmxRange": [0, 0],
          "type": "NoFunction"
        },
        {
          "dmxRange": [1, 254],
          "type": "ShutterStrobe",
          "shutterEffect": "Strobe",
          "speedStart": "1Hz",
          "speedEnd": "33Hz"
        },
        {
          "dmxRange": [255, 255],
          "type": "NoFunction"
        }
      ]
    }
  },
  "modes": [
    {
      "name": "5 Channel (Default)",
      "shortName": "5ch",
      "rdmPersonalityIndex": 1,
      "channels": [
        "Intensity",
        "Red",
        "Green",
        "Indigo",
        "Strobe"
      ]
    },
    {
      "name": "Direct",
      "shortName": "dir",
      "rdmPersonalityIndex": 2,
      "channels": [
        "Intensity",
        "Red",
        "Green",
        "Indigo",
        "Lime",
        "Strobe"
      ]
    },
    {
      "name": "1 Channel",
      "shortName": "1ch",
      "rdmPersonalityIndex": 3,
      "channels": [
        "Intensity"
      ]
    },
    {
      "name": "RGB",
      "shortName": "rgb",
      "rdmPersonalityIndex": 4,
      "channels": [
        "Red",
        "Green",
        "Indigo"
      ]
    }
  ],
  "fixtureKey": "colorsource-par-deep-blue",
  "manufacturerKey": "etc",
  "oflURL": "https://open-fixture-library.org/etc/colorsource-par-deep-blue"
}
