{
  "$schema": "https://raw.githubusercontent.com/OpenLightingProject/open-fixture-library/schema-12.4.0/schemas/fixture.json",
  "name": "LED TL-3 RGB+UV",
  "categories": ["Color Changer"],
  "meta": {
    "authors": ["Barnaby Collins"],
    "createDate": "2022-06-09",
    "lastModifyDate": "2022-06-09",
    "importPlugin": {
      "plugin": "qlcplus_4.12.1",
      "date": "2022-05-29",
      "comment": "created by Q Light Controller Plus (version 4.12.4)"
    }
  },
  "links": {
    "manual": [
      "https://www.steinigke.de/download/51915445-Manual-128720-1.100-eurolite-led-tl-3-rgb+uv-trusslight-de_en.pdf"
    ],
    "productPage": [
      "https://www.steinigke.de/en/mpn51915445-eurolite-led-tl-3-rgb+uv-trusslight.html"
    ],
    "video": [
      "https://www.youtube.com/watch?v=0MoC10E_w90"
    ]
  },
  "physical": {
    "dimensions": [122, 108, 117],
    "weight": 0.89,
    "power": 15,
    "DMXconnector": "3-pin",
    "bulb": {
      "type": "3× 7W RGB+UV 4in1 LEDs"
    }
  },
  "availableChannels": {
    "Master Dimmer": {
      "defaultValue": 0,
      "capability": {
        "type": "Intensity"
      }
    },
    "Strobe": {
      "defaultValue": 0,
      "capabilities": [
        {
          "dmxRange": [0, 9],
          "type": "ShutterStrobe",
          "shutterEffect": "Open"
        },
        {
          "dmxRange": [10, 255],
          "type": "ShutterStrobe",
          "shutterEffect": "Strobe",
          "speedStart": "0Hz",
          "speedEnd": "20Hz"
        }
      ]
    },
    "Red": {
      "defaultValue": 0,
      "capability": {
        "type": "ColorIntensity",
        "color": "Red"
      }
    },
    "Green": {
      "defaultValue": 0,
      "capability": {
        "type": "ColorIntensity",
        "color": "Green"
      }
    },
    "Blue": {
      "defaultValue": 0,
      "capability": {
        "type": "ColorIntensity",
        "color": "Blue"
      }
    },
    "UV": {
      "defaultValue": 0,
      "capability": {
        "type": "ColorIntensity",
        "color": "UV"
      }
    },
    "Preset Colours": {
      "defaultValue": 0,
      "capabilities": [
        {
          "dmxRange": [0, 9],
          "type": "NoFunction"
        },
        {
          "dmxRange": [10, 19],
          "type": "ColorPreset",
          "comment": "Red",
          "colors": ["#ff0000"]
        },
        {
          "dmxRange": [20, 29],
          "type": "ColorPreset",
          "comment": "Green",
          "colors": ["#00ff00"]
        },
        {
          "dmxRange": [30, 39],
          "type": "ColorPreset",
          "comment": "Blue",
          "colors": ["#0000ff"]
        },
        {
          "dmxRange": [40, 49],
          "type": "ColorPreset",
          "comment": "UV",
          "colors": ["#8800ff"]
        },
        {
          "dmxRange": [50, 59],
          "type": "ColorPreset",
          "comment": "Yellow",
          "colors": ["#ffff00"]
        },
        {
          "dmxRange": [60, 69],
          "type": "ColorPreset",
          "comment": "Magenta",
          "colors": ["#ff00ff"]
        },
        {
          "dmxRange": [70, 79],
          "type": "ColorPreset",
          "comment": "Cyan",
          "colors": ["#00ffff"]
        },
        {
          "dmxRange": [80, 89],
          "type": "ColorPreset",
          "comment": "Dark orange",
          "colors": ["#f07b27"]
        },
        {
          "dmxRange": [90, 99],
          "type": "ColorPreset",
          "comment": "Green yellow",
          "colors": ["#88ff00"]
        },
        {
          "dmxRange": [100, 109],
          "type": "ColorPreset",
          "comment": "Salmon",
          "colors": ["#ff8888"]
        },
        {
          "dmxRange": [110, 119],
          "type": "ColorPreset",
          "comment": "Turquoise",
          "colors": ["#00cccc"]
        },
        {
          "dmxRange": [120, 129],
          "type": "ColorPreset",
          "comment": "Light green",
          "colors": ["#88ff88"]
        },
        {
          "dmxRange": [130, 139],
          "type": "ColorPreset",
          "comment": "Orange",
          "colors": ["#ffaa00"]
        },
        {
          "dmxRange": [140, 149],
          "type": "ColorPreset",
          "comment": "Lavender",
          "colors": ["#cfb5e2"]
        },
        {
          "dmxRange": [150, 159],
          "type": "ColorPreset",
          "comment": "Light blue",
          "colors": ["#88ffff"]
        },
        {
          "dmxRange": [160, 169],
          "type": "ColorPreset",
          "comment": "Dark blue",
          "colors": ["#000088"]
        },
        {
          "dmxRange": [170, 255],
          "type": "ColorPreset",
          "comment": "Pink",
          "colors": ["#ff88ff"]
        }
      ]
    },
    "Auto mode / Sound control": {
      "defaultValue": 0,
      "capabilities": [
        {
          "dmxRange": [0, 9],
          "type": "NoFunction"
        },
        {
          "dmxRange": [10, 69],
          "type": "Effect",
          "effectPreset": "ColorFade",
          "speedStart": "slow",
          "speedEnd": "fast"
        },
        {
          "dmxRange": [70, 129],
          "type": "Effect",
          "effectPreset": "ColorJump",
          "speedStart": "slow",
          "speedEnd": "fast"
        },
        {
          "dmxRange": [130, 189],
          "type": "Effect",
          "effectPreset": "ColorFade",
          "soundControlled": true
        },
        {
          "dmxRange": [190, 255],
          "type": "Effect",
          "effectPreset": "ColorJump",
          "soundControlled": true
        }
      ]
    }
  },
  "modes": [
    {
      "name": "3-channel",
      "shortName": "3ch",
      "channels": [
        "Red",
        "Green",
        "Blue"
      ]
    },
    {
      "name": "4-channel 1",
      "shortName": "4-1c",
      "channels": [
        "Red",
        "Green",
        "Blue",
        "UV"
      ]
    },
    {
      "name": "4-channel",
      "shortName": "4ch",
      "channels": [
        "Master Dimmer",
        "Strobe",
        "Preset Colours",
        "Auto mode / Sound control"
      ]
    },
    {
      "name": "8-channel",
      "shortName": "8ch",
      "channels": [
        "Master Dimmer",
        "Strobe",
        "Red",
        "Green",
        "Blue",
        "UV",
        "Preset Colours",
        "Auto mode / Sound control"
      ]
    }
  ],
  "fixtureKey": "led-tl-3-rgb-uv",
  "manufacturerKey": "eurolite",
  "oflURL": "https://open-fixture-library.org/eurolite/led-tl-3-rgb-uv"
}
