{
  "$schema": "https://raw.githubusercontent.com/OpenLightingProject/open-fixture-library/schema-12.4.0/schemas/fixture.json",
  "name": "LED FE-1500",
  "shortName": "ELFE1500",
  "categories": ["Flower", "Laser", "Strobe", "Color Changer"],
  "meta": {
    "authors": ["Felix Edelmann"],
    "createDate": "2017-12-31",
    "lastModifyDate": "2018-08-09"
  },
  "links": {
    "manual": [
      "https://media.steinigke.de/documents_t/51741080-MANUAL-1.00-de-en_00089092.pdf"
    ],
    "video": [
      "https://www.youtube.com/watch?v=3bB3ZE9Rm-o",
      "https://www.youtube.com/watch?v=anZ5xqb2MEY"
    ]
  },
  "physical": {
    "dimensions": [313, 315, 246],
    "weight": 4.2,
    "power": 40,
    "DMXconnector": "3-pin",
    "bulb": {
      "type": "5x 3W RGBWA, 8x 1W white, red & green laser"
    },
    "lens": {
      "degreesMinMax": [17, 17]
    }
  },
  "availableChannels": {
    "Operating Mode": {
      "defaultValue": 255,
      "capabilities": [
        {
          "dmxRange": [0, 9],
          "type": "ShutterStrobe",
          "shutterEffect": "Closed",
          "comment": "Blackout"
        },
        {
          "dmxRange": [10, 24],
          "type": "Effect",
          "effectName": "Aut0: Laser + RGBWA LEDs + white LEDs"
        },
        {
          "dmxRange": [25, 39],
          "type": "Effect",
          "effectName": "Aut1: Laser + RGBWA LEDs"
        },
        {
          "dmxRange": [40, 54],
          "type": "Effect",
          "effectName": "Aut2: Laser + white LEDs"
        },
        {
          "dmxRange": [55, 69],
          "type": "Effect",
          "effectName": "Aut3: RGBWA LEDs + white LEDs"
        },
        {
          "dmxRange": [70, 84],
          "type": "Effect",
          "effectName": "Aut4: RGBWA LEDs"
        },
        {
          "dmxRange": [85, 99],
          "type": "Effect",
          "effectName": "Aut5: Laser"
        },
        {
          "dmxRange": [100, 114],
          "type": "Effect",
          "effectName": "Aut6: white LEDs"
        },
        {
          "dmxRange": [115, 129],
          "type": "Effect",
          "effectName": "Sou0: Laser + RGBWA LEDs + white LEDs",
          "soundControlled": true
        },
        {
          "dmxRange": [130, 144],
          "type": "Effect",
          "effectName": "Sou1: Laser + RGBWA LEDs",
          "soundControlled": true
        },
        {
          "dmxRange": [145, 159],
          "type": "Effect",
          "effectName": "Sou2: Laser + white LEDs",
          "soundControlled": true
        },
        {
          "dmxRange": [160, 174],
          "type": "Effect",
          "effectName": "Sou3: RGBWA LEDs + white LEDs",
          "soundControlled": true
        },
        {
          "dmxRange": [175, 189],
          "type": "Effect",
          "effectName": "Sou4: RGBWA LEDs",
          "soundControlled": true
        },
        {
          "dmxRange": [190, 204],
          "type": "Effect",
          "effectName": "Sou5: Laser",
          "soundControlled": true
        },
        {
          "dmxRange": [205, 219],
          "type": "Effect",
          "effectName": "Sou6: white LEDs",
          "soundControlled": true
        },
        {
          "dmxRange": [220, 255],
          "type": "NoFunction",
          "comment": "DMX mode"
        }
      ]
    },
    "RGBWA LEDs": {
      "defaultValue": 0,
      "capabilities": [
        {
          "dmxRange": [0, 9],
          "type": "ColorPreset",
          "colors": ["#000000"],
          "comment": "Blackout"
        },
        {
          "dmxRange": [10, 14],
          "type": "ColorPreset",
          "colors": ["#ff0000"],
          "comment": "Red"
        },
        {
          "dmxRange": [15, 19],
          "type": "ColorPreset",
          "colors": ["#00ff00"],
          "comment": "Green"
        },
        {
          "dmxRange": [20, 24],
          "type": "ColorPreset",
          "colors": ["#0000ff"],
          "comment": "Blue"
        },
        {
          "dmxRange": [25, 29],
          "type": "ColorPreset",
          "colors": ["#ffbf00"],
          "comment": "Amber"
        },
        {
          "dmxRange": [30, 34],
          "type": "ColorPreset",
          "colors": ["#ffffff"],
          "comment": "White"
        },
        {
          "dmxRange": [35, 39],
          "type": "ColorPreset",
          "colors": ["#ffffff", "#ff0000"],
          "comment": "White + red"
        },
        {
          "dmxRange": [40, 44],
          "type": "ColorPreset",
          "colors": ["#ff0000", "#00ff00"],
          "comment": "Red + green"
        },
        {
          "dmxRange": [45, 49],
          "type": "ColorPreset",
          "colors": ["#00ff00", "#0000ff"],
          "comment": "Green + blue"
        },
        {
          "dmxRange": [50, 54],
          "type": "ColorPreset",
          "colors": ["#0000ff", "#ffbf00"],
          "comment": "Blue + amber"
        },
        {
          "dmxRange": [55, 59],
          "type": "ColorPreset",
          "colors": ["#ffbf00", "#ffffff"],
          "comment": "Amber + white"
        },
        {
          "dmxRange": [60, 64],
          "type": "ColorPreset",
          "colors": ["#ffffff", "#00ff00"],
          "comment": "White + green"
        },
        {
          "dmxRange": [65, 69],
          "type": "ColorPreset",
          "colors": ["#00ff00", "#ffbf00"],
          "comment": "Green + amber"
        },
        {
          "dmxRange": [70, 74],
          "type": "ColorPreset",
          "colors": ["#ffbf00", "#ff0000"],
          "comment": "Amber + red"
        },
        {
          "dmxRange": [75, 79],
          "type": "ColorPreset",
          "colors": ["#ff0000", "#0000ff"],
          "comment": "Red + blue"
        },
        {
          "dmxRange": [80, 84],
          "type": "ColorPreset",
          "colors": ["#0000ff", "#ffffff"],
          "comment": "Blue + white"
        },
        {
          "dmxRange": [85, 89],
          "type": "ColorPreset",
          "colors": ["#ff0000", "#00ff00", "#0000ff"],
          "comment": "Red + green + blue"
        },
        {
          "dmxRange": [90, 94],
          "type": "ColorPreset",
          "colors": ["#ff0000", "#00ff00", "#ffbf00"],
          "comment": "Red + green + amber"
        },
        {
          "dmxRange": [95, 99],
          "type": "ColorPreset",
          "colors": ["#ff0000", "#00ff00", "#ffffff"],
          "comment": "Red + green + white"
        },
        {
          "dmxRange": [100, 104],
          "type": "ColorPreset",
          "colors": ["#ff0000", "#ffbf00", "#0000ff"],
          "comment": "Red + amber + blue"
        },
        {
          "dmxRange": [105, 109],
          "type": "ColorPreset",
          "colors": ["#ff0000", "#ffffff", "#0000ff"],
          "comment": "Red + white + blue"
        },
        {
          "dmxRange": [110, 114],
          "type": "ColorPreset",
          "colors": ["#ff0000", "#ffbf00", "#ffffff"],
          "comment": "Red + amber + white"
        },
        {
          "dmxRange": [115, 119],
          "type": "ColorPreset",
          "colors": ["#ffbf00", "#00ff00", "#0000ff"],
          "comment": "Amber + green + blue"
        },
        {
          "dmxRange": [120, 124],
          "type": "ColorPreset",
          "colors": ["#0000ff", "#00ff00", "#ffffff"],
          "comment": "Blue + green + white"
        },
        {
          "dmxRange": [125, 129],
          "type": "ColorPreset",
          "colors": ["#ffbf00", "#00ff00", "#ffffff"],
          "comment": "Amber + green + white"
        },
        {
          "dmxRange": [130, 134],
          "type": "ColorPreset",
          "colors": ["#ffbf00", "#ffffff", "#0000ff"],
          "comment": "Amber + white + blue"
        },
        {
          "dmxRange": [135, 139],
          "type": "ColorPreset",
          "colors": ["#ff0000", "#00ff00", "#0000ff", "#ffbf00"],
          "comment": "Red + green + blue + amber"
        },
        {
          "dmxRange": [140, 144],
          "type": "ColorPreset",
          "colors": ["#ff0000", "#00ff00", "#0000ff", "#ffffff"],
          "comment": "Red + green + blue + white"
        },
        {
          "dmxRange": [145, 149],
          "type": "ColorPreset",
          "colors": ["#0000ff", "#00ff00", "#ffffff", "#ffbf00"],
          "comment": "Blue + green + white + amber"
        },
        {
          "dmxRange": [150, 154],
          "type": "ColorPreset",
          "colors": ["#ff0000", "#00ff00", "#ffbf00", "#ffffff"],
          "comment": "Red + green + amber + white"
        },
        {
          "dmxRange": [155, 159],
          "type": "ColorPreset",
          "colors": ["#ffffff", "#ff0000", "#0000ff", "#ffbf00"],
          "comment": "White + red + blue + amber"
        },
        {
          "dmxRange": [160, 164],
          "type": "ColorPreset",
          "colors": ["#ff0000", "#00ff00", "#0000ff", "#ffbf00", "#ffffff"],
          "comment": "Red + green + blue + amber + white"
        },
        {
          "dmxRange": [165, 209],
          "type": "Effect",
          "effectName": "Automatic color change (one color)"
        },
        {
          "dmxRange": [210, 255],
          "type": "Effect",
          "effectName": "Automatic color change (two colors)"
        }
      ]
    },
    "Color Change Speed": {
      "capability": {
        "type": "EffectSpeed",
        "speedStart": "slow",
        "speedEnd": "fast"
      }
    },
    "RGBWA LED Strobe": {
      "defaultValue": 0,
      "capabilities": [
        {
          "dmxRange": [0, 4],
          "type": "NoFunction"
        },
        {
          "dmxRange": [5, 254],
          "type": "ShutterStrobe",
          "shutterEffect": "Strobe",
          "speedStart": "fast",
          "speedEnd": "slow"
        },
        {
          "dmxRange": [255, 255],
          "type": "ShutterStrobe",
          "shutterEffect": "Strobe",
          "soundControlled": true
        }
      ]
    },
    "White LED Strobe": {
      "defaultValue": 0,
      "capabilities": [
        {
          "dmxRange": [0, 9],
          "type": "NoFunction",
          "comment": "Blackout"
        },
        {
          "dmxRange": [10, 19],
          "type": "ShutterStrobe",
          "shutterEffect": "Strobe",
          "speedStart": "fast",
          "speedEnd": "slow",
          "comment": "Light pattern 1"
        },
        {
          "dmxRange": [20, 29],
          "type": "ShutterStrobe",
          "shutterEffect": "Strobe",
          "speedStart": "fast",
          "speedEnd": "slow",
          "comment": "Light pattern 2"
        },
        {
          "dmxRange": [30, 39],
          "type": "ShutterStrobe",
          "shutterEffect": "Strobe",
          "speedStart": "fast",
          "speedEnd": "slow",
          "comment": "Light pattern 3"
        },
        {
          "dmxRange": [40, 49],
          "type": "ShutterStrobe",
          "shutterEffect": "Strobe",
          "speedStart": "fast",
          "speedEnd": "slow",
          "comment": "Light pattern 4"
        },
        {
          "dmxRange": [50, 59],
          "type": "ShutterStrobe",
          "shutterEffect": "Strobe",
          "speedStart": "fast",
          "speedEnd": "slow",
          "comment": "Light pattern 5"
        },
        {
          "dmxRange": [60, 69],
          "type": "ShutterStrobe",
          "shutterEffect": "Strobe",
          "speedStart": "fast",
          "speedEnd": "slow",
          "comment": "Light pattern 6"
        },
        {
          "dmxRange": [70, 79],
          "type": "ShutterStrobe",
          "shutterEffect": "Strobe",
          "speedStart": "fast",
          "speedEnd": "slow",
          "comment": "Light pattern 7"
        },
        {
          "dmxRange": [80, 89],
          "type": "ShutterStrobe",
          "shutterEffect": "Strobe",
          "speedStart": "fast",
          "speedEnd": "slow",
          "comment": "Light pattern 8"
        },
        {
          "dmxRange": [90, 99],
          "type": "ShutterStrobe",
          "shutterEffect": "Strobe",
          "speedStart": "fast",
          "speedEnd": "slow",
          "comment": "Light pattern 9"
        },
        {
          "dmxRange": [100, 109],
          "type": "ShutterStrobe",
          "shutterEffect": "Strobe",
          "speedStart": "fast",
          "speedEnd": "slow",
          "comment": "Light pattern 10"
        },
        {
          "dmxRange": [110, 255],
          "type": "ShutterStrobe",
          "shutterEffect": "Open"
        }
      ]
    },
    "Laser": {
      "defaultValue": 0,
      "capabilities": [
        {
          "dmxRange": [0, 9],
          "type": "NoFunction",
          "comment": "Blackout"
        },
        {
          "dmxRange": [10, 49],
          "type": "ColorPreset",
          "comment": "Red on",
          "colors": ["#ff0000"]
        },
        {
          "dmxRange": [50, 89],
          "type": "ColorPreset",
          "comment": "Green on",
          "colors": ["#00ff00"]
        },
        {
          "dmxRange": [90, 129],
          "type": "ColorPreset",
          "comment": "Change green and red",
          "colors": ["#00ff00", "#ff0000"]
        },
        {
          "dmxRange": [130, 169],
          "type": "ColorPreset",
          "comment": "Red on + Green strobe",
          "colors": ["#ff0000", "#00aa00"]
        },
        {
          "dmxRange": [170, 209],
          "type": "ColorPreset",
          "comment": "Green on + Red strobe",
          "colors": ["#00ff00", "#aa0000"]
        },
        {
          "dmxRange": [210, 255],
          "type": "ColorPreset",
          "comment": "Red strobe + Green strobe",
          "colors": ["#aa0000", "#00aa00"]
        }
      ]
    },
    "Laser Strobe": {
      "defaultValue": 0,
      "capabilities": [
        {
          "dmxRange": [0, 4],
          "type": "NoFunction",
          "comment": "No strobe"
        },
        {
          "dmxRange": [5, 254],
          "type": "ShutterStrobe",
          "shutterEffect": "Strobe",
          "speedStart": "fast",
          "speedEnd": "slow"
        },
        {
          "dmxRange": [255, 255],
          "type": "ShutterStrobe",
          "shutterEffect": "Strobe",
          "soundControlled": true
        }
      ]
    },
    "RGBWA LED rotation": {
      "defaultValue": 0,
      "capabilities": [
        {
          "dmxRange": [0, 4],
          "type": "Rotation",
          "speed": "stop"
        },
        {
          "dmxRange": [5, 127],
          "type": "Rotation",
          "speedStart": "slow CCW",
          "speedEnd": "fast CCW"
        },
        {
          "dmxRange": [128, 133],
          "type": "Rotation",
          "speed": "stop"
        },
        {
          "dmxRange": [134, 255],
          "type": "Rotation",
          "speedStart": "slow CCW",
          "speedEnd": "fast CCW"
        }
      ]
    },
    "Laser rotation": {
      "defaultValue": 0,
      "capabilities": [
        {
          "dmxRange": [0, 4],
          "type": "Rotation",
          "speed": "stop"
        },
        {
          "dmxRange": [5, 127],
          "type": "Rotation",
          "speedStart": "slow CCW",
          "speedEnd": "fast CCW"
        },
        {
          "dmxRange": [128, 133],
          "type": "Rotation",
          "speed": "stop"
        },
        {
          "dmxRange": [134, 255],
          "type": "Rotation",
          "speedStart": "slow CCW",
          "speedEnd": "fast CCW"
        }
      ]
    }
  },
  "modes": [
    {
      "name": "9-channel",
      "shortName": "9ch",
      "channels": [
        "Operating Mode",
        "RGBWA LEDs",
        "Color Change Speed",
        "RGBWA LED Strobe",
        "White LED Strobe",
        "Laser",
        "Laser Strobe",
        "RGBWA LED rotation",
        "Laser rotation"
      ]
    }
  ],
  "fixtureKey": "led-fe-1500",
  "manufacturerKey": "eurolite",
  "oflURL": "https://open-fixture-library.org/eurolite/led-fe-1500"
}
