{
  "$schema": "https://raw.githubusercontent.com/OpenLightingProject/open-fixture-library/schema-12.4.0/schemas/fixture.json",
  "name": "LED Bar-3 HCL Bar",
  "categories": ["Color Changer"],
  "meta": {
    "authors": ["Rainer Jung"],
    "createDate": "2020-01-14",
    "lastModifyDate": "2022-05-21"
  },
  "links": {
    "manual": [
      "https://www.steinigke.de/download/51930395-Manual-110557-1.000-eurolite-led-bar-3-hcl-bar-de_en.pdf"
    ],
    "productPage": [
      "https://www.steinigke.de/en/mpn51930395-eurolite-led-bar-3-hcl-bar.html"
    ],
    "video": [
      "https://www.youtube.com/watch?v=SV2AFTdJKNE"
    ]
  },
  "physical": {
    "dimensions": [265, 129, 87],
    "weight": 0.9,
    "power": 12,
    "DMXconnector": "3-pin",
    "bulb": {
      "type": "LED"
    },
    "lens": {
      "degreesMinMax": [20, 20]
    }
  },
  "availableChannels": {
    "Dimmer": {
      "defaultValue": 0,
      "capability": {
        "type": "Intensity"
      }
    },
    "Red": {
      "highlightValue": 255,
      "capability": {
        "type": "ColorIntensity",
        "color": "Red"
      }
    },
    "Green": {
      "highlightValue": 255,
      "capability": {
        "type": "ColorIntensity",
        "color": "Green"
      }
    },
    "Blue": {
      "highlightValue": 255,
      "capability": {
        "type": "ColorIntensity",
        "color": "Blue"
      }
    },
    "White": {
      "highlightValue": 255,
      "capability": {
        "type": "ColorIntensity",
        "color": "White"
      }
    },
    "Amber": {
      "highlightValue": 255,
      "capability": {
        "type": "ColorIntensity",
        "color": "Amber"
      }
    },
    "UV": {
      "highlightValue": 255,
      "capability": {
        "type": "ColorIntensity",
        "color": "UV"
      }
    },
    "Mode": {
      "capabilities": [
        {
          "dmxRange": [0, 9],
          "type": "NoFunction"
        },
        {
          "dmxRange": [10, 69],
          "type": "Effect",
          "effectPreset": "ColorFade",
          "speedStart": "slow",
          "speedEnd": "fast"
        },
        {
          "dmxRange": [70, 129],
          "type": "Effect",
          "effectPreset": "ColorJump",
          "speedStart": "slow",
          "speedEnd": "fast"
        },
        {
          "dmxRange": [130, 189],
          "type": "Effect",
          "effectPreset": "ColorFade",
          "soundControlled": true
        },
        {
          "dmxRange": [190, 255],
          "type": "Effect",
          "effectPreset": "ColorJump",
          "soundControlled": true
        }
      ]
    },
    "Color Presets": {
      "capabilities": [
        {
          "dmxRange": [0, 9],
          "type": "NoFunction"
        },
        {
          "dmxRange": [10, 19],
          "type": "ColorPreset",
          "comment": "Red",
          "colors": ["#ff0000"]
        },
        {
          "dmxRange": [20, 29],
          "type": "ColorPreset",
          "comment": "Green",
          "colors": ["#00ff00"]
        },
        {
          "dmxRange": [30, 39],
          "type": "ColorPreset",
          "comment": "Blue",
          "colors": ["#0000ff"]
        },
        {
          "dmxRange": [40, 49],
          "type": "ColorPreset",
          "comment": "White",
          "colors": ["#ffffff"]
        },
        {
          "dmxRange": [50, 59],
          "type": "ColorPreset",
          "comment": "Amber",
          "colors": ["#ffbf00"]
        },
        {
          "dmxRange": [60, 69],
          "type": "ColorPreset",
          "comment": "UV",
          "colors": ["#8800ff"]
        },
        {
          "dmxRange": [70, 79],
          "type": "ColorPreset",
          "comment": "Yellow",
          "colors": ["#ffff00"]
        },
        {
          "dmxRange": [80, 89],
          "type": "ColorPreset",
          "comment": "Magenta",
          "colors": ["#ff00ff"]
        },
        {
          "dmxRange": [90, 99],
          "type": "ColorPreset",
          "comment": "Cyan",
          "colors": ["#00ffff"]
        },
        {
          "dmxRange": [100, 109],
          "type": "ColorPreset",
          "comment": "Dark Orange",
          "colors": ["#be6500"]
        },
        {
          "dmxRange": [110, 119],
          "type": "ColorPreset",
          "comment": "Green Yellow",
          "colors": ["#8cff00"]
        },
        {
          "dmxRange": [120, 129],
          "type": "ColorPreset",
          "comment": "Salmon",
          "colors": ["#ff8c8c"]
        },
        {
          "dmxRange": [130, 139],
          "type": "ColorPreset",
          "comment": "Turquoise",
          "colors": ["#8cffff"]
        },
        {
          "dmxRange": [140, 149],
          "type": "ColorPreset",
          "comment": "Light Green",
          "colors": ["#8cff8c"]
        },
        {
          "dmxRange": [150, 159],
          "type": "ColorPreset",
          "comment": "Orange",
          "colors": ["#ff8c00"]
        },
        {
          "dmxRange": [160, 169],
          "type": "ColorPreset",
          "comment": "Lavender",
          "colors": ["#ccbfff"]
        },
        {
          "dmxRange": [170, 179],
          "type": "ColorPreset",
          "comment": "Light Blue",
          "colors": ["#8c8cff"]
        },
        {
          "dmxRange": [180, 189],
          "type": "ColorPreset",
          "comment": "Dark Blue",
          "colors": ["#00008c"]
        },
        {
          "dmxRange": [190, 255],
          "type": "ColorPreset",
          "comment": "Pink",
          "colors": ["#ff008c"]
        }
      ]
    },
    "Strobe": {
      "defaultValue": 0,
      "highlightValue": 128,
      "capabilities": [
        {
          "dmxRange": [0, 9],
          "type": "ShutterStrobe",
          "shutterEffect": "Open"
        },
        {
          "dmxRange": [10, 255],
          "type": "ShutterStrobe",
          "shutterEffect": "Strobe",
          "speedStart": "0.5Hz",
          "speedEnd": "20Hz"
        }
      ]
    }
  },
  "modes": [
    {
      "name": "2-channel",
      "shortName": "2ch",
      "channels": [
        "Dimmer",
        "Color Presets"
      ]
    },
    {
      "name": "3-channel",
      "shortName": "3ch",
      "channels": [
        "Red",
        "Green",
        "Blue"
      ]
    },
    {
      "name": "4-channel",
      "shortName": "4ch",
      "channels": [
        "Dimmer",
        "Strobe",
        "Color Presets",
        "Mode"
      ]
    },
    {
      "name": "6-channel",
      "shortName": "6ch",
      "channels": [
        "Red",
        "Green",
        "Blue",
        "White",
        "Amber",
        "UV"
      ]
    },
    {
      "name": "10-channel",
      "shortName": "10ch",
      "channels": [
        "Dimmer",
        "Strobe",
        "Red",
        "Green",
        "Blue",
        "White",
        "Amber",
        "UV",
        "Color Presets",
        "Mode"
      ]
    }
  ],
  "fixtureKey": "led-bar-3-hcl-bar",
  "manufacturerKey": "eurolite",
  "oflURL": "https://open-fixture-library.org/eurolite/led-bar-3-hcl-bar"
}
