{
  "$schema": "https://raw.githubusercontent.com/OpenLightingProject/open-fixture-library/schema-12.4.0/schemas/fixture.json",
  "name": "2bright Par 18 IP",
  "categories": ["Color Changer"],
  "meta": {
    "authors": ["Hannes Rüger"],
    "createDate": "2022-06-17",
    "lastModifyDate": "2022-06-17"
  },
  "links": {
    "manual": [
      "https://images.static-thomann.de/pics/atg/atgdata/document/manual/c_481058_v3_en_online.pdf"
    ],
    "productPage": [
      "https://www.thomann.de/intl/ignition_2bright_par_18_ip.htm"
    ],
    "video": [
      "https://video1.thomann.de/vidiot/02591c1c/video_i8896p10_yd59vqpa.mp4"
    ]
  },
  "physical": {
    "dimensions": [290, 220, 140],
    "weight": 7.5,
    "power": 200,
    "DMXconnector": "3-pin",
    "bulb": {
      "type": "18× 12W 6in1 RGBWA UV LED"
    },
    "lens": {
      "degreesMinMax": [25, 25]
    }
  },
  "availableChannels": {
    "Dimmer": {
      "capability": {
        "type": "Intensity"
      }
    },
    "Color Temperature": {
      "capabilities": [
        {
          "dmxRange": [0, 5],
          "type": "ShutterStrobe",
          "shutterEffect": "Closed"
        },
        {
          "dmxRange": [6, 255],
          "type": "ColorTemperature",
          "colorTemperatureStart": "3200K",
          "colorTemperatureEnd": "7200K"
        }
      ]
    },
    "Shutter / Strobe": {
      "capabilities": [
        {
          "dmxRange": [0, 5],
          "type": "ShutterStrobe",
          "shutterEffect": "Open"
        },
        {
          "dmxRange": [6, 10],
          "type": "ShutterStrobe",
          "shutterEffect": "Closed"
        },
        {
          "dmxRange": [11, 33],
          "type": "ShutterStrobe",
          "shutterEffect": "Spikes",
          "speedStart": "slow",
          "speedEnd": "fast",
          "randomTiming": true
        },
        {
          "dmxRange": [34, 56],
          "type": "ShutterStrobe",
          "shutterEffect": "RampUp",
          "speedStart": "slow",
          "speedEnd": "fast",
          "randomTiming": true
        },
        {
          "dmxRange": [57, 79],
          "type": "ShutterStrobe",
          "shutterEffect": "RampDown",
          "speedStart": "fast",
          "speedEnd": "slow",
          "randomTiming": true
        },
        {
          "dmxRange": [80, 102],
          "type": "ShutterStrobe",
          "shutterEffect": "Strobe",
          "speedStart": "fast",
          "speedEnd": "slow",
          "randomTiming": true
        },
        {
          "dmxRange": [103, 127],
          "type": "ShutterStrobe",
          "shutterEffect": "Spikes",
          "durationStart": "5s",
          "durationEnd": "1s"
        },
        {
          "dmxRange": [128, 250],
          "type": "ShutterStrobe",
          "shutterEffect": "Strobe",
          "speedStart": "slow",
          "speedEnd": "fast"
        },
        {
          "dmxRange": [251, 255],
          "type": "ShutterStrobe",
          "shutterEffect": "Open"
        }
      ]
    },
    "Color Macros": {
      "capabilities": [
        {
          "dmxRange": [0, 5],
          "type": "NoFunction"
        },
        {
          "dmxRange": [6, 10],
          "type": "ColorPreset",
          "comment": "Blackout",
          "colors": ["#000000"]
        },
        {
          "dmxRange": [11, 13],
          "type": "ColorPreset",
          "comment": "Red",
          "colors": ["#ff0000"]
        },
        {
          "dmxRange": [14, 16],
          "type": "ColorPreset",
          "comment": "Dark orange",
          "colors": ["#ff7f00"]
        },
        {
          "dmxRange": [17, 19],
          "type": "ColorPreset",
          "comment": "Yellow",
          "colors": ["#ffff00"]
        },
        {
          "dmxRange": [20, 22],
          "type": "ColorPreset",
          "comment": "Green",
          "colors": ["#00ff00"]
        },
        {
          "dmxRange": [23, 25],
          "type": "ColorPreset",
          "comment": "Light blue",
          "colors": ["#53b2ff"]
        },
        {
          "dmxRange": [26, 28],
          "type": "ColorPreset",
          "comment": "Dark blue",
          "colors": ["#0000ff"]
        },
        {
          "dmxRange": [29, 31],
          "type": "ColorPreset",
          "comment": "Magenta",
          "colors": ["#ff00ff"]
        },
        {
          "dmxRange": [32, 34],
          "type": "ColorPreset",
          "comment": "Pink",
          "colors": ["#ff9def"]
        },
        {
          "dmxRange": [35, 37],
          "type": "ColorPreset",
          "comment": "Lime",
          "colors": ["#c8ff00"]
        },
        {
          "dmxRange": [38, 40],
          "type": "ColorPreset",
          "comment": "Grey (dimmed white)",
          "colors": ["#8a8a8a"]
        },
        {
          "dmxRange": [41, 43],
          "type": "ColorPreset",
          "comment": "Red / orangeish",
          "colors": ["#ff1e00"]
        },
        {
          "dmxRange": [44, 45],
          "type": "ColorPreset",
          "comment": "Red / more orangeish",
          "colors": ["#ff3c00"]
        },
        {
          "dmxRange": [46, 49],
          "type": "ColorPreset",
          "comment": "Red / even more orangeish",
          "colors": ["#ff5100"]
        },
        {
          "dmxRange": [50, 52],
          "type": "ColorPreset",
          "comment": "Red / even even more orangeish",
          "colors": ["#ff6600"]
        },
        {
          "dmxRange": [53, 58],
          "type": "ColorPreset",
          "comment": "Orange",
          "colors": ["#ff9100"]
        },
        {
          "dmxRange": [59, 61],
          "type": "ColorPreset",
          "comment": "Dimmed orange",
          "colors": ["#9b5800"]
        },
        {
          "dmxRange": [62, 64],
          "type": "ColorPreset",
          "comment": "Dimmed yellow",
          "colors": ["#9b9100"]
        },
        {
          "dmxRange": [65, 67],
          "type": "ColorPreset",
          "comment": "Greenish yellow",
          "colors": ["#eeff00"]
        },
        {
          "dmxRange": [68, 70],
          "type": "ColorPreset",
          "comment": "More greenish yellow",
          "colors": ["#c8ff00"]
        },
        {
          "dmxRange": [71, 73],
          "type": "ColorPreset",
          "comment": "Green / slightly turquoise",
          "colors": ["#00ff40"]
        },
        {
          "dmxRange": [74, 76],
          "type": "ColorPreset",
          "comment": "Green / more turquoise",
          "colors": ["#00ff80"]
        },
        {
          "dmxRange": [77, 79],
          "type": "ColorPreset",
          "comment": "Turquoise",
          "colors": ["#00ff9e"]
        },
        {
          "dmxRange": [80, 82],
          "type": "ColorPreset",
          "comment": "Light blue",
          "colors": ["#00e1ff"]
        },
        {
          "dmxRange": [83, 85],
          "type": "ColorPreset",
          "comment": "Sky blue",
          "colors": ["#00bfff"]
        },
        {
          "dmxRange": [86, 88],
          "type": "ColorPreset",
          "comment": "Dark blue",
          "colors": ["#0026ff"]
        },
        {
          "dmxRange": [89, 91],
          "type": "ColorPreset",
          "comment": "Pale pink",
          "colors": ["#ffd2f7"]
        },
        {
          "dmxRange": [92, 94],
          "type": "ColorPreset",
          "comment": "More pink",
          "colors": ["#ffa6f0"]
        },
        {
          "dmxRange": [95, 97],
          "type": "ColorPreset",
          "comment": "Bright pink",
          "colors": ["#ff60ec"]
        },
        {
          "dmxRange": [98, 100],
          "type": "ColorPreset",
          "comment": "Dark red",
          "colors": ["#910000"]
        },
        {
          "dmxRange": [101, 105],
          "type": "ColorPreset",
          "comment": "Grey",
          "colors": ["#8a8a8a"]
        },
        {
          "dmxRange": [106, 110],
          "type": "ColorPreset",
          "comment": "Lighter grey",
          "colors": ["#b3b3b3"]
        },
        {
          "dmxRange": [111, 115],
          "type": "ColorPreset",
          "comment": "White / slightly blueish",
          "colors": ["#ceffff"]
        },
        {
          "dmxRange": [116, 120],
          "type": "ColorPreset",
          "comment": "White / more blueish",
          "colors": ["#8affff"]
        },
        {
          "dmxRange": [121, 125],
          "type": "ColorPreset",
          "comment": "UV",
          "colors": ["#8800ff"]
        },
        {
          "dmxRange": [126, 127],
          "type": "EffectSpeed",
          "speed": "stop"
        },
        {
          "dmxRange": [128, 191],
          "type": "Effect",
          "effectPreset": "ColorJump",
          "speedStart": "slow",
          "speedEnd": "fast"
        },
        {
          "dmxRange": [192, 255],
          "type": "Effect",
          "effectPreset": "ColorFade",
          "speedStart": "slow",
          "speedEnd": "fast"
        }
      ]
    },
    "Red": {
      "capability": {
        "type": "ColorIntensity",
        "color": "Red"
      }
    },
    "Green": {
      "capability": {
        "type": "ColorIntensity",
        "color": "Green"
      }
    },
    "Blue": {
      "capability": {
        "type": "ColorIntensity",
        "color": "Blue"
      }
    },
    "White": {
      "capability": {
        "type": "ColorIntensity",
        "color": "White"
      }
    },
    "Amber": {
      "capability": {
        "type": "ColorIntensity",
        "color": "Amber"
      }
    },
    "UV": {
      "capability": {
        "type": "ColorIntensity",
        "color": "UV"
      }
    },
    "Dimmer Curve": {
      "capabilities": [
        {
          "dmxRange": [0, 5],
          "type": "NoFunction"
        },
        {
          "dmxRange": [6, 63],
          "type": "Generic",
          "comment": "Linear course"
        },
        {
          "dmxRange": [64, 127],
          "type": "Generic",
          "comment": "Exponential course"
        },
        {
          "dmxRange": [128, 191],
          "type": "Generic",
          "comment": "Logarithmic course"
        },
        {
          "dmxRange": [192, 255],
          "type": "Generic",
          "comment": "S-courve shaped course"
        }
      ]
    }
  },
  "modes": [
    {
      "name": "2-channel",
      "shortName": "2ch",
      "channels": [
        "Dimmer",
        "Color Temperature"
      ]
    },
    {
      "name": "3-channel",
      "shortName": "3ch",
      "channels": [
        "Dimmer",
        "Shutter / Strobe",
        "Color Macros"
      ]
    },
    {
      "name": "6-channel",
      "shortName": "6ch",
      "channels": [
        "Red",
        "Green",
        "Blue",
        "White",
        "Amber",
        "UV"
      ]
    },
    {
      "name": "9-channel",
      "shortName": "9ch",
      "channels": [
        "Dimmer",
        "Shutter / Strobe",
        "Red",
        "Green",
        "Blue",
        "White",
        "Amber",
        "UV",
        "Color Macros"
      ]
    },
    {
      "name": "11-channel",
      "shortName": "11ch",
      "channels": [
        "Dimmer",
        "Shutter / Strobe",
        "Red",
        "Green",
        "Blue",
        "White",
        "Amber",
        "UV",
        "Color Macros",
        "Color Temperature",
        "Dimmer Curve"
      ]
    }
  ],
  "fixtureKey": "2bright-par-18-ip",
  "manufacturerKey": "ignition",
  "oflURL": "https://open-fixture-library.org/ignition/2bright-par-18-ip"
}
