{
  "$schema": "https://raw.githubusercontent.com/OpenLightingProject/open-fixture-library/schema-12.4.0/schemas/fixture.json",
  "name": "LED Pot 12×1W RGBW",
  "categories": ["Color Changer"],
  "meta": {
    "authors": ["Dennis Fischer"],
    "createDate": "2019-11-01",
    "lastModifyDate": "2019-11-01"
  },
  "links": {
    "manual": [
      "https://images.static-thomann.de/pics/atg/atgdata/document/manual/377666_c_377666_r4_en_online.pdf"
    ],
    "productPage": [
      "https://www.thomann.de/intl/fun_generation_led_pot_12x1w_rgbw.htm"
    ],
    "video": [
      "https://video2.thomann.de/vidiot/02591c1c/video_i4829p10_yd59vqpa.mp4"
    ]
  },
  "physical": {
    "dimensions": [172, 130, 168],
    "weight": 0.76,
    "power": 15,
    "DMXconnector": "3-pin",
    "bulb": {
      "type": "12× 1W TrueColour LED (3× red, 3× green, 3× blue, 3× white)"
    },
    "lens": {
      "degreesMinMax": [25, 25]
    }
  },
  "availableChannels": {
    "Red": {
      "capability": {
        "type": "ColorIntensity",
        "color": "Red"
      }
    },
    "Green": {
      "capability": {
        "type": "ColorIntensity",
        "color": "Green"
      }
    },
    "Blue": {
      "capability": {
        "type": "ColorIntensity",
        "color": "Blue"
      }
    },
    "White": {
      "capability": {
        "type": "ColorIntensity",
        "color": "White"
      }
    },
    "Dimmer": {
      "capability": {
        "type": "Intensity"
      }
    },
    "Shutter / Strobe": {
      "capabilities": [
        {
          "dmxRange": [0, 0],
          "type": "ShutterStrobe",
          "shutterEffect": "Open"
        },
        {
          "dmxRange": [1, 255],
          "type": "ShutterStrobe",
          "shutterEffect": "Strobe",
          "speedStart": "0Hz",
          "speedEnd": "20Hz"
        }
      ]
    },
    "Program": {
      "defaultValue": 0,
      "capabilities": [
        {
          "dmxRange": [0, 0],
          "type": "NoFunction",
          "switchChannels": {
            "Color Presets / Program Speed": "Color Presets"
          }
        },
        {
          "dmxRange": [1, 16],
          "type": "Effect",
          "effectName": "Color Macro activation",
          "switchChannels": {
            "Color Presets / Program Speed": "Color Presets"
          }
        },
        {
          "dmxRange": [17, 33],
          "type": "Effect",
          "effectName": "Program 01",
          "switchChannels": {
            "Color Presets / Program Speed": "Program Speed"
          }
        },
        {
          "dmxRange": [34, 50],
          "type": "Effect",
          "effectName": "Program 02",
          "switchChannels": {
            "Color Presets / Program Speed": "Program Speed"
          }
        },
        {
          "dmxRange": [51, 67],
          "type": "Effect",
          "effectName": "Program 03",
          "switchChannels": {
            "Color Presets / Program Speed": "Program Speed"
          }
        },
        {
          "dmxRange": [68, 84],
          "type": "Effect",
          "effectName": "Program 04",
          "switchChannels": {
            "Color Presets / Program Speed": "Program Speed"
          }
        },
        {
          "dmxRange": [85, 101],
          "type": "Effect",
          "effectName": "Program 05",
          "switchChannels": {
            "Color Presets / Program Speed": "Program Speed"
          }
        },
        {
          "dmxRange": [102, 118],
          "type": "Effect",
          "effectName": "Program 06",
          "switchChannels": {
            "Color Presets / Program Speed": "Program Speed"
          }
        },
        {
          "dmxRange": [119, 135],
          "type": "Effect",
          "effectName": "Program 07",
          "switchChannels": {
            "Color Presets / Program Speed": "Program Speed"
          }
        },
        {
          "dmxRange": [136, 152],
          "type": "Effect",
          "effectName": "Program 08",
          "switchChannels": {
            "Color Presets / Program Speed": "Program Speed"
          }
        },
        {
          "dmxRange": [153, 169],
          "type": "Effect",
          "effectName": "Program 09",
          "switchChannels": {
            "Color Presets / Program Speed": "Program Speed"
          }
        },
        {
          "dmxRange": [170, 186],
          "type": "Effect",
          "effectName": "Program 10",
          "switchChannels": {
            "Color Presets / Program Speed": "Program Speed"
          }
        },
        {
          "dmxRange": [187, 203],
          "type": "Effect",
          "effectName": "Program 11",
          "switchChannels": {
            "Color Presets / Program Speed": "Program Speed"
          }
        },
        {
          "dmxRange": [204, 220],
          "type": "Effect",
          "effectName": "Program 12",
          "switchChannels": {
            "Color Presets / Program Speed": "Program Speed"
          }
        },
        {
          "dmxRange": [221, 237],
          "type": "Effect",
          "effectName": "Program 13",
          "switchChannels": {
            "Color Presets / Program Speed": "Program Speed"
          }
        },
        {
          "dmxRange": [238, 255],
          "type": "Effect",
          "effectName": "Sound control",
          "soundControlled": true,
          "switchChannels": {
            "Color Presets / Program Speed": "Program Speed"
          }
        }
      ]
    },
    "Color Presets": {
      "capabilities": [
        {
          "dmxRange": [0, 15],
          "type": "ColorPreset",
          "comment": "Off",
          "colors": ["#000000"]
        },
        {
          "dmxRange": [16, 31],
          "type": "ColorPreset",
          "comment": "Red",
          "colors": ["#ff0000"]
        },
        {
          "dmxRange": [32, 47],
          "type": "ColorPreset",
          "comment": "Green",
          "colors": ["#00ff00"]
        },
        {
          "dmxRange": [48, 63],
          "type": "ColorPreset",
          "comment": "Blue",
          "colors": ["#0000ff"]
        },
        {
          "dmxRange": [64, 79],
          "type": "ColorPreset",
          "comment": "White",
          "colors": ["#ffffff"]
        },
        {
          "dmxRange": [80, 95],
          "type": "ColorPreset",
          "comment": "Orange",
          "colors": ["#ff9600"]
        },
        {
          "dmxRange": [96, 111],
          "type": "ColorPreset",
          "comment": "Amber",
          "colors": ["#ffb400"]
        },
        {
          "dmxRange": [112, 127],
          "type": "ColorPreset",
          "comment": "Yellow",
          "colors": ["#ffff00"]
        },
        {
          "dmxRange": [128, 143],
          "type": "ColorPreset",
          "comment": "Magenta",
          "colors": ["#ff00ff"]
        },
        {
          "dmxRange": [144, 159],
          "type": "ColorPreset",
          "comment": "Pink",
          "colors": ["#ff008c"]
        },
        {
          "dmxRange": [160, 175],
          "type": "ColorPreset",
          "comment": "Cyan",
          "colors": ["#00ffff"]
        },
        {
          "dmxRange": [176, 191],
          "type": "ColorPreset",
          "comment": "Light Red",
          "colors": ["#ff8080"]
        },
        {
          "dmxRange": [192, 207],
          "type": "ColorPreset",
          "comment": "Light Green",
          "colors": ["#80ff80"]
        },
        {
          "dmxRange": [208, 223],
          "type": "ColorPreset",
          "comment": "Light Blue",
          "colors": ["#8080ff"]
        },
        {
          "dmxRange": [224, 239],
          "type": "ColorPreset",
          "comment": "Light Amber",
          "colors": ["#ffc828"]
        },
        {
          "dmxRange": [240, 255],
          "type": "ColorPreset",
          "comment": "White",
          "colors": ["#ffffff"]
        }
      ]
    },
    "Program Speed": {
      "capabilities": [
        {
          "dmxRange": [0, 100],
          "type": "EffectSpeed",
          "speedStart": "slow",
          "speedEnd": "fast"
        },
        {
          "dmxRange": [101, 255],
          "type": "Effect",
          "effectName": "Intensity Sound to Light",
          "soundControlled": true
        }
      ]
    }
  },
  "modes": [
    {
      "name": "4-channel",
      "shortName": "4ch",
      "channels": [
        "Red",
        "Green",
        "Blue",
        "White"
      ]
    },
    {
      "name": "6-channel",
      "shortName": "6ch",
      "channels": [
        "Dimmer",
        "Red",
        "Green",
        "Blue",
        "White",
        "Shutter / Strobe"
      ]
    },
    {
      "name": "8-channel",
      "shortName": "8ch",
      "channels": [
        "Dimmer",
        "Red",
        "Green",
        "Blue",
        "White",
        "Program",
        "Color Presets / Program Speed",
        "Shutter / Strobe"
      ]
    }
  ],
  "fixtureKey": "led-pot-12-1w-rgbw",
  "manufacturerKey": "fun-generation",
  "oflURL": "https://open-fixture-library.org/fun-generation/led-pot-12-1w-rgbw"
}
