{
  "$schema": "https://raw.githubusercontent.com/OpenLightingProject/open-fixture-library/schema-12.4.0/schemas/fixture.json",
  "name": "PicoSpot 45 LED",
  "categories": ["Moving Head", "Color Changer"],
  "meta": {
    "authors": ["Felix Edelmann", "Peter Käning", "Flo Edelmann"],
    "createDate": "2019-08-21",
    "lastModifyDate": "2023-02-05"
  },
  "links": {
    "manual": [
      "https://images.static-thomann.de/pics/atg/atgdata/document/manual/424284_c_424284_v2_en_online.pdf"
    ],
    "productPage": [
      "https://www.thomann.de/intl/fun_generation_picospot_45_led.htm"
    ]
  },
  "physical": {
    "dimensions": [162, 242, 174],
    "weight": 3,
    "power": 70,
    "DMXconnector": "3-pin",
    "bulb": {
      "type": "45W white CREE LED",
      "lumens": 400,
      "colorTemperature": 8000
    },
    "lens": {
      "degreesMinMax": [13, 13]
    }
  },
  "wheels": {
    "Color Wheel": {
      "slots": [
        {
          "type": "Color",
          "name": "White",
          "colors": ["#ffffff"]
        },
        {
          "type": "Color",
          "name": "Red",
          "colors": ["#ff0000"]
        },
        {
          "type": "Color",
          "name": "Orange",
          "colors": ["#ff9900"]
        },
        {
          "type": "Color",
          "name": "Yellow",
          "colors": ["#ffff00"]
        },
        {
          "type": "Color",
          "name": "Green",
          "colors": ["#00ff00"]
        },
        {
          "type": "Color",
          "name": "Blue",
          "colors": ["#0000ff"]
        },
        {
          "type": "Color",
          "name": "Cyan",
          "colors": ["#00ffff"]
        },
        {
          "type": "Color",
          "name": "Purple",
          "colors": ["#ff00ff"]
        }
      ]
    },
    "Gobo Wheel": {
      "slots": [
        {
          "type": "Open"
        },
        {
          "type": "Gobo"
        },
        {
          "type": "Gobo"
        },
        {
          "type": "Gobo"
        },
        {
          "type": "Gobo"
        },
        {
          "type": "Gobo"
        },
        {
          "type": "Gobo"
        },
        {
          "type": "Gobo"
        }
      ]
    }
  },
  "availableChannels": {
    "Pan": {
      "fineChannelAliases": ["Pan fine"],
      "capability": {
        "type": "Pan",
        "angleStart": "0deg",
        "angleEnd": "540deg"
      }
    },
    "Tilt": {
      "fineChannelAliases": ["Tilt fine"],
      "capability": {
        "type": "Tilt",
        "angleStart": "0deg",
        "angleEnd": "200deg"
      }
    },
    "Pan/Tilt Speed": {
      "capability": {
        "type": "PanTiltSpeed",
        "speedStart": "fast",
        "speedEnd": "slow"
      }
    },
    "Color Wheel": {
      "capabilities": [
        {
          "dmxRange": [0, 10],
          "type": "WheelSlot",
          "slotNumber": 1
        },
        {
          "dmxRange": [11, 21],
          "type": "WheelSlot",
          "slotNumber": 2
        },
        {
          "dmxRange": [22, 32],
          "type": "WheelSlot",
          "slotNumber": 3
        },
        {
          "dmxRange": [33, 43],
          "type": "WheelSlot",
          "slotNumber": 4
        },
        {
          "dmxRange": [44, 54],
          "type": "WheelSlot",
          "slotNumber": 5
        },
        {
          "dmxRange": [55, 65],
          "type": "WheelSlot",
          "slotNumber": 6
        },
        {
          "dmxRange": [66, 76],
          "type": "WheelSlot",
          "slotNumber": 7
        },
        {
          "dmxRange": [77, 87],
          "type": "WheelSlot",
          "slotNumber": 8
        },
        {
          "dmxRange": [88, 98],
          "type": "WheelSlot",
          "slotNumberStart": 1,
          "slotNumberEnd": 2
        },
        {
          "dmxRange": [99, 109],
          "type": "WheelSlot",
          "slotNumberStart": 2,
          "slotNumberEnd": 3
        },
        {
          "dmxRange": [110, 120],
          "type": "WheelSlot",
          "slotNumberStart": 3,
          "slotNumberEnd": 4
        },
        {
          "dmxRange": [121, 131],
          "type": "WheelSlot",
          "slotNumberStart": 4,
          "slotNumberEnd": 5
        },
        {
          "dmxRange": [132, 142],
          "type": "WheelSlot",
          "slotNumberStart": 5,
          "slotNumberEnd": 6
        },
        {
          "dmxRange": [143, 153],
          "type": "WheelSlot",
          "slotNumberStart": 6,
          "slotNumberEnd": 7
        },
        {
          "dmxRange": [154, 164],
          "type": "WheelSlot",
          "slotNumberStart": 7,
          "slotNumberEnd": 8
        },
        {
          "dmxRange": [165, 175],
          "type": "WheelSlot",
          "slotNumberStart": 8,
          "slotNumberEnd": 9
        },
        {
          "dmxRange": [176, 255],
          "type": "WheelRotation",
          "speedStart": "slow CW",
          "speedEnd": "fast CW"
        }
      ]
    },
    "Gobo Wheel": {
      "capabilities": [
        {
          "dmxRange": [0, 15],
          "type": "WheelSlot",
          "slotNumber": 1
        },
        {
          "dmxRange": [16, 31],
          "type": "WheelSlot",
          "slotNumber": 2
        },
        {
          "dmxRange": [32, 47],
          "type": "WheelSlot",
          "slotNumber": 3
        },
        {
          "dmxRange": [48, 63],
          "type": "WheelSlot",
          "slotNumber": 4
        },
        {
          "dmxRange": [64, 79],
          "type": "WheelSlot",
          "slotNumber": 5
        },
        {
          "dmxRange": [80, 95],
          "type": "WheelSlot",
          "slotNumber": 6
        },
        {
          "dmxRange": [96, 111],
          "type": "WheelSlot",
          "slotNumber": 7
        },
        {
          "dmxRange": [112, 124],
          "type": "WheelSlot",
          "slotNumber": 8
        },
        {
          "dmxRange": [125, 140],
          "type": "WheelShake",
          "slotNumber": 8,
          "shakeSpeedStart": "slow",
          "shakeSpeedEnd": "fast"
        },
        {
          "dmxRange": [141, 156],
          "type": "WheelShake",
          "slotNumber": 7,
          "shakeSpeedStart": "slow",
          "shakeSpeedEnd": "fast"
        },
        {
          "dmxRange": [157, 172],
          "type": "WheelShake",
          "slotNumber": 6,
          "shakeSpeedStart": "slow",
          "shakeSpeedEnd": "fast"
        },
        {
          "dmxRange": [173, 188],
          "type": "WheelShake",
          "slotNumber": 5,
          "shakeSpeedStart": "slow",
          "shakeSpeedEnd": "fast"
        },
        {
          "dmxRange": [189, 204],
          "type": "WheelShake",
          "slotNumber": 4,
          "shakeSpeedStart": "slow",
          "shakeSpeedEnd": "fast"
        },
        {
          "dmxRange": [205, 220],
          "type": "WheelShake",
          "slotNumber": 3,
          "shakeSpeedStart": "slow",
          "shakeSpeedEnd": "fast"
        },
        {
          "dmxRange": [221, 236],
          "type": "WheelShake",
          "slotNumber": 2,
          "shakeSpeedStart": "slow",
          "shakeSpeedEnd": "fast"
        },
        {
          "dmxRange": [237, 249],
          "type": "WheelSlot",
          "slotNumber": 1
        },
        {
          "dmxRange": [250, 255],
          "type": "WheelRotation",
          "speedStart": "slow CW",
          "speedEnd": "fast CW"
        }
      ]
    },
    "Dimmer": {
      "highlightValue": 255,
      "capability": {
        "type": "Intensity"
      }
    },
    "Shutter / Strobe": {
      "defaultValue": 0,
      "capabilities": [
        {
          "dmxRange": [0, 9],
          "type": "ShutterStrobe",
          "shutterEffect": "Open"
        },
        {
          "dmxRange": [10, 255],
          "type": "ShutterStrobe",
          "shutterEffect": "Strobe",
          "speedStart": "1Hz",
          "speedEnd": "25Hz"
        }
      ]
    },
    "Program": {
      "capabilities": [
        {
          "dmxRange": [0, 49],
          "type": "NoFunction"
        },
        {
          "dmxRange": [50, 59],
          "type": "ColorPreset",
          "comment": "White",
          "colors": ["#ffffff"]
        },
        {
          "dmxRange": [60, 69],
          "type": "Effect",
          "effectName": "Scene 02 (empty)"
        },
        {
          "dmxRange": [70, 79],
          "type": "Effect",
          "effectName": "Scene 03 (empty)"
        },
        {
          "dmxRange": [80, 89],
          "type": "Effect",
          "effectName": "Scene 04 (empty)"
        },
        {
          "dmxRange": [90, 99],
          "type": "Effect",
          "effectName": "Scene 05 (empty)"
        },
        {
          "dmxRange": [100, 109],
          "type": "Effect",
          "effectName": "Scene 06 (empty)"
        },
        {
          "dmxRange": [110, 119],
          "type": "Effect",
          "effectName": "Scene 07 (empty)"
        },
        {
          "dmxRange": [120, 129],
          "type": "Effect",
          "effectName": "Scene 08 (empty)"
        },
        {
          "dmxRange": [130, 139],
          "type": "Effect",
          "effectName": "Scene 09 (empty)"
        },
        {
          "dmxRange": [140, 149],
          "type": "Effect",
          "effectName": "Programme 1"
        },
        {
          "dmxRange": [150, 159],
          "type": "Effect",
          "effectName": "Programme 2"
        },
        {
          "dmxRange": [160, 169],
          "type": "Effect",
          "effectName": "Programme 3"
        },
        {
          "dmxRange": [170, 179],
          "type": "Effect",
          "effectName": "Programme 4"
        },
        {
          "dmxRange": [180, 189],
          "type": "Effect",
          "effectName": "Programme 5"
        },
        {
          "dmxRange": [190, 199],
          "type": "Effect",
          "effectName": "Programme 6"
        },
        {
          "dmxRange": [200, 209],
          "type": "Effect",
          "effectName": "Programme 7"
        },
        {
          "dmxRange": [210, 219],
          "type": "Effect",
          "effectName": "Programme 8 (empty)"
        },
        {
          "dmxRange": [220, 229],
          "type": "Effect",
          "effectName": "Programme 9 (empty)"
        },
        {
          "dmxRange": [230, 239],
          "type": "NoFunction",
          "comment": "Empty"
        },
        {
          "dmxRange": [240, 249],
          "type": "NoFunction",
          "comment": "Empty"
        },
        {
          "dmxRange": [250, 255],
          "type": "Effect",
          "effectName": "Sound-controlled operation",
          "soundControlled": true
        }
      ]
    },
    "Program Speed": {
      "capability": {
        "type": "EffectSpeed",
        "speedStart": "slow",
        "speedEnd": "fast"
      }
    }
  },
  "modes": [
    {
      "name": "5-channel",
      "shortName": "5ch",
      "channels": [
        "Pan",
        "Tilt",
        "Pan/Tilt Speed",
        "Color Wheel",
        "Dimmer"
      ]
    },
    {
      "name": "9-channel",
      "shortName": "9ch",
      "channels": [
        "Pan",
        "Tilt",
        "Pan fine",
        "Tilt fine",
        "Pan/Tilt Speed",
        "Color Wheel",
        "Gobo Wheel",
        "Dimmer",
        "Shutter / Strobe"
      ]
    },
    {
      "name": "11-channel",
      "shortName": "11ch",
      "channels": [
        "Pan",
        "Tilt",
        "Pan fine",
        "Tilt fine",
        "Pan/Tilt Speed",
        "Color Wheel",
        "Gobo Wheel",
        "Dimmer",
        "Shutter / Strobe",
        "Program",
        "Program Speed"
      ]
    }
  ],
  "fixtureKey": "picospot-45-led",
  "manufacturerKey": "fun-generation",
  "oflURL": "https://open-fixture-library.org/fun-generation/picospot-45-led"
}
