{
  "$schema": "https://raw.githubusercontent.com/OpenLightingProject/open-fixture-library/schema-12.4.0/schemas/fixture.json",
  "name": "Ventilator",
  "shortName": "Venti",
  "categories": ["Fan", "Color Changer"],
  "meta": {
    "authors": ["Flo Edelmann"],
    "createDate": "2017-02-24",
    "lastModifyDate": "2018-07-21"
  },
  "comment": "(C) Görli + Edelnörd 2016",
  "physical": {
    "dimensions": [1000, 1000, 160],
    "weight": 10,
    "power": 48,
    "DMXconnector": "3-pin",
    "bulb": {
      "type": "LED"
    }
  },
  "availableChannels": {
    "Motor Speed": {
      "defaultValue": 128,
      "capabilities": [
        {
          "dmxRange": [0, 3],
          "type": "Rotation",
          "speed": "stop"
        },
        {
          "dmxRange": [4, 119],
          "type": "Rotation",
          "speedStart": "fast CCW",
          "speedEnd": "slow CCW",
          "menuClick": "center"
        },
        {
          "dmxRange": [120, 139],
          "type": "Rotation",
          "speed": "stop",
          "menuClick": "center"
        },
        {
          "dmxRange": [140, 255],
          "type": "Rotation",
          "speedStart": "slow CW",
          "speedEnd": "fast CW",
          "menuClick": "center"
        }
      ]
    },
    "Red": {
      "highlightValue": 255,
      "precedence": "HTP",
      "capability": {
        "type": "ColorIntensity",
        "color": "Red"
      }
    },
    "Green": {
      "highlightValue": 255,
      "precedence": "HTP",
      "capability": {
        "type": "ColorIntensity",
        "color": "Green"
      }
    },
    "Blue": {
      "highlightValue": 255,
      "precedence": "HTP",
      "capability": {
        "type": "ColorIntensity",
        "color": "Blue"
      }
    },
    "Strobe": {
      "highlightValue": 230,
      "capabilities": [
        {
          "dmxRange": [0, 29],
          "type": "ShutterStrobe",
          "shutterEffect": "Open"
        },
        {
          "dmxRange": [30, 244],
          "type": "ShutterStrobe",
          "shutterEffect": "Strobe",
          "speedStart": "slow",
          "speedEnd": "fast"
        },
        {
          "dmxRange": [245, 255],
          "type": "ShutterStrobe",
          "shutterEffect": "Strobe",
          "speed": "fast"
        }
      ]
    }
  },
  "modes": [
    {
      "name": "5-channel",
      "shortName": "5ch",
      "channels": [
        "Motor Speed",
        "Red",
        "Green",
        "Blue",
        "Strobe"
      ]
    }
  ],
  "fixtureKey": "ventilator",
  "manufacturerKey": "gruft",
  "oflURL": "https://open-fixture-library.org/gruft/ventilator"
}
