{
  "$schema": "https://raw.githubusercontent.com/OpenLightingProject/open-fixture-library/schema-12.4.0/schemas/fixture.json",
  "name": "Varyscan P7",
  "shortName": "JBVaryscanP7",
  "categories": ["Moving Head", "Color Changer"],
  "meta": {
    "authors": ["Felix Edelmann"],
    "createDate": "2018-01-08",
    "lastModifyDate": "2018-08-09"
  },
  "links": {
    "manual": [
      "https://www.jb-lighting.de/download/Handbuch/Varyscan_P7_Manual.pdf"
    ],
    "video": [
      "https://www.youtube.com/watch?v=Xhadeddd1h8"
    ]
  },
  "physical": {
    "dimensions": [380, 580, 264],
    "weight": 17,
    "power": 380,
    "DMXconnector": "3-pin and 5-pin",
    "bulb": {
      "type": "White light LED module 270W",
      "lumens": 11020
    },
    "lens": {
      "degreesMinMax": [8, 48]
    }
  },
  "wheels": {
    "Gobo Wheel 1": {
      "slots": [
        {
          "type": "Open"
        },
        {
          "type": "Gobo"
        },
        {
          "type": "Gobo"
        },
        {
          "type": "Gobo"
        },
        {
          "type": "Gobo"
        },
        {
          "type": "Gobo"
        },
        {
          "type": "Gobo"
        },
        {
          "type": "Gobo"
        },
        {
          "type": "Gobo"
        },
        {
          "type": "Gobo"
        }
      ]
    },
    "Gobo Wheel 2": {
      "slots": [
        {
          "type": "Open"
        },
        {
          "type": "Gobo"
        },
        {
          "type": "Gobo"
        },
        {
          "type": "Gobo"
        },
        {
          "type": "Gobo"
        },
        {
          "type": "Gobo"
        },
        {
          "type": "Gobo"
        }
      ]
    },
    "Color Wheel": {
      "slots": [
        {
          "type": "Open"
        },
        {
          "type": "Color",
          "name": "Red",
          "colors": ["#ff0000"]
        },
        {
          "type": "Color",
          "name": "Yellow",
          "colors": ["#ffff00"]
        },
        {
          "type": "Color",
          "name": "Magenta",
          "colors": ["#ff00ff"]
        },
        {
          "type": "Color",
          "name": "Green",
          "colors": ["#00ff00"]
        },
        {
          "type": "Color",
          "name": "Amber",
          "colors": ["#ffbf00"]
        },
        {
          "type": "Color",
          "name": "Dark Blue",
          "colors": ["#0000aa"]
        },
        {
          "type": "Color",
          "name": "Turquoise",
          "colors": ["#40e0d0"]
        },
        {
          "type": "Color",
          "name": "Pink",
          "colors": ["#ff88cc"]
        },
        {
          "type": "Color",
          "name": "CTO",
          "colors": ["#ffd2b0"]
        }
      ]
    }
  },
  "availableChannels": {
    "Pan": {
      "fineChannelAliases": ["Pan fine"],
      "defaultValue": "50%",
      "capability": {
        "type": "Pan",
        "angleStart": "0deg",
        "angleEnd": "433.6deg"
      }
    },
    "Tilt": {
      "fineChannelAliases": ["Tilt fine"],
      "defaultValue": "50%",
      "capability": {
        "type": "Tilt",
        "angleStart": "0deg",
        "angleEnd": "280deg"
      }
    },
    "Control": {
      "defaultValue": 8,
      "capabilities": [
        {
          "dmxRange": [0, 7],
          "type": "Maintenance",
          "comment": "Dimmer fade out with Fader (fast reaction)",
          "parameterStart": "slow",
          "parameterEnd": "fast"
        },
        {
          "dmxRange": [8, 31],
          "type": "NoFunction"
        },
        {
          "dmxRange": [32, 39],
          "type": "Maintenance",
          "comment": "Dimmer fade out with Fader (semi-fast reaction)",
          "parameterStart": "slow",
          "parameterEnd": "fast"
        },
        {
          "dmxRange": [40, 63],
          "type": "NoFunction"
        },
        {
          "dmxRange": [64, 71],
          "type": "Maintenance",
          "comment": "Dimmer fade out with Fader (medium reaction)",
          "parameterStart": "slow",
          "parameterEnd": "fast"
        },
        {
          "dmxRange": [72, 95],
          "type": "NoFunction"
        },
        {
          "dmxRange": [96, 103],
          "type": "Maintenance",
          "comment": "Dimmer fade out with Fader (semi-slow reaction)",
          "parameterStart": "slow",
          "parameterEnd": "fast"
        },
        {
          "dmxRange": [104, 127],
          "type": "NoFunction"
        },
        {
          "dmxRange": [128, 135],
          "type": "Maintenance",
          "comment": "Dimmer fade out with Fader (slow reaction)",
          "parameterStart": "slow",
          "parameterEnd": "fast"
        },
        {
          "dmxRange": [136, 207],
          "type": "NoFunction"
        },
        {
          "dmxRange": [208, 215],
          "type": "Maintenance",
          "comment": "Camera mode, 50Hz",
          "hold": "2s"
        },
        {
          "dmxRange": [216, 223],
          "type": "Maintenance",
          "comment": "Camera mode, 60Hz",
          "hold": "2s"
        },
        {
          "dmxRange": [224, 231],
          "type": "Maintenance",
          "comment": "Camera mode, FLEX",
          "hold": "2s"
        },
        {
          "dmxRange": [232, 239],
          "type": "Maintenance",
          "comment": "Save"
        },
        {
          "dmxRange": [240, 247],
          "type": "Maintenance",
          "comment": "Reset",
          "hold": "2s"
        },
        {
          "dmxRange": [248, 255],
          "type": "Maintenance",
          "comment": "Save"
        }
      ]
    },
    "Shutter": {
      "defaultValue": 16,
      "capabilities": [
        {
          "dmxRange": [0, 15],
          "type": "ShutterStrobe",
          "shutterEffect": "Closed"
        },
        {
          "dmxRange": [16, 95],
          "type": "ShutterStrobe",
          "shutterEffect": "Open"
        },
        {
          "dmxRange": [96, 110],
          "type": "ShutterStrobe",
          "shutterEffect": "RampUp",
          "speedStart": "fast",
          "speedEnd": "slow",
          "comment": ">20Hz"
        },
        {
          "dmxRange": [111, 111],
          "type": "ShutterStrobe",
          "shutterEffect": "Open"
        },
        {
          "dmxRange": [112, 125],
          "type": "Effect",
          "effectName": "Dimmer fade effect",
          "speedStart": "slow",
          "speedEnd": "fast"
        },
        {
          "dmxRange": [126, 126],
          "type": "ShutterStrobe",
          "shutterEffect": "Open"
        },
        {
          "dmxRange": [127, 127],
          "type": "ShutterStrobe",
          "shutterEffect": "Closed"
        },
        {
          "dmxRange": [128, 142],
          "type": "ShutterStrobe",
          "shutterEffect": "RampUp",
          "speedStart": "fast",
          "speedEnd": "slow",
          "comment": "<20Hz"
        },
        {
          "dmxRange": [143, 143],
          "type": "ShutterStrobe",
          "shutterEffect": "Open"
        },
        {
          "dmxRange": [144, 158],
          "type": "ShutterStrobe",
          "shutterEffect": "RampDown",
          "speedStart": "fast",
          "speedEnd": "slow"
        },
        {
          "dmxRange": [159, 159],
          "type": "ShutterStrobe",
          "shutterEffect": "Closed"
        },
        {
          "dmxRange": [160, 174],
          "type": "ShutterStrobe",
          "comment": "Fade 0%",
          "shutterEffect": "Strobe",
          "speedStart": "slow",
          "speedEnd": "fast"
        },
        {
          "dmxRange": [175, 175],
          "type": "ShutterStrobe",
          "shutterEffect": "Open"
        },
        {
          "dmxRange": [176, 190],
          "type": "ShutterStrobe",
          "comment": "Fade 100%",
          "shutterEffect": "Strobe",
          "speedStart": "slow",
          "speedEnd": "fast"
        },
        {
          "dmxRange": [191, 191],
          "type": "ShutterStrobe",
          "shutterEffect": "Closed"
        },
        {
          "dmxRange": [192, 206],
          "type": "ShutterStrobe",
          "comment": "0%",
          "shutterEffect": "Strobe",
          "speedStart": "slow",
          "speedEnd": "fast",
          "randomTiming": true
        },
        {
          "dmxRange": [207, 207],
          "type": "ShutterStrobe",
          "shutterEffect": "Open"
        },
        {
          "dmxRange": [208, 222],
          "type": "ShutterStrobe",
          "comment": "100%",
          "shutterEffect": "Strobe",
          "speedStart": "slow",
          "speedEnd": "fast",
          "randomTiming": true
        },
        {
          "dmxRange": [223, 223],
          "type": "ShutterStrobe",
          "shutterEffect": "Closed"
        },
        {
          "dmxRange": [224, 238],
          "type": "ShutterStrobe",
          "comment": "Fade 0%",
          "shutterEffect": "Strobe",
          "speedStart": "slow",
          "speedEnd": "fast",
          "randomTiming": true
        },
        {
          "dmxRange": [239, 239],
          "type": "ShutterStrobe",
          "shutterEffect": "Open"
        },
        {
          "dmxRange": [240, 254],
          "type": "ShutterStrobe",
          "comment": "Fade 100%",
          "shutterEffect": "Strobe",
          "speedStart": "slow",
          "speedEnd": "fast",
          "randomTiming": true
        },
        {
          "dmxRange": [255, 255],
          "type": "ShutterStrobe",
          "shutterEffect": "Open"
        }
      ]
    },
    "Dimmer": {
      "defaultValue": 0,
      "capability": {
        "type": "Intensity"
      }
    },
    "Focus": {
      "capability": {
        "type": "Focus",
        "distanceStart": "near",
        "distanceEnd": "far"
      }
    },
    "Zoom": {
      "capability": {
        "type": "Zoom",
        "angleStart": "48deg",
        "angleEnd": "8deg"
      }
    },
    "Iris": {
      "defaultValue": 0,
      "capabilities": [
        {
          "dmxRange": [0, 126],
          "type": "Iris",
          "openPercentStart": "open",
          "openPercentEnd": "closed"
        },
        {
          "dmxRange": [127, 127],
          "type": "Iris",
          "openPercent": "closed"
        },
        {
          "dmxRange": [128, 142],
          "type": "IrisEffect",
          "effectName": "Opening pulse",
          "speedStart": "fast",
          "speedEnd": "slow"
        },
        {
          "dmxRange": [143, 143],
          "type": "Iris",
          "openPercent": "open"
        },
        {
          "dmxRange": [144, 158],
          "type": "IrisEffect",
          "effectName": "Closing pulse",
          "speedStart": "fast",
          "speedEnd": "slow"
        },
        {
          "dmxRange": [159, 159],
          "type": "Iris",
          "openPercent": "closed"
        },
        {
          "dmxRange": [160, 174],
          "type": "IrisEffect",
          "effectName": "Ramp down",
          "speedStart": "fast",
          "speedEnd": "slow"
        },
        {
          "dmxRange": [175, 175],
          "type": "Iris",
          "openPercent": "open"
        },
        {
          "dmxRange": [176, 190],
          "type": "IrisEffect",
          "effectName": "Ramp up",
          "speedStart": "fast",
          "speedEnd": "slow"
        },
        {
          "dmxRange": [191, 191],
          "type": "Iris",
          "openPercent": "closed"
        },
        {
          "dmxRange": [192, 206],
          "type": "IrisEffect",
          "effectName": "Random opening pulse",
          "speedStart": "fast",
          "speedEnd": "slow"
        },
        {
          "dmxRange": [207, 207],
          "type": "Iris",
          "openPercent": "open"
        },
        {
          "dmxRange": [208, 222],
          "type": "IrisEffect",
          "effectName": "Random closing pulse",
          "speedStart": "fast",
          "speedEnd": "slow"
        },
        {
          "dmxRange": [223, 223],
          "type": "Iris",
          "openPercent": "closed"
        },
        {
          "dmxRange": [224, 238],
          "type": "IrisEffect",
          "effectName": "Random ramp down",
          "speedStart": "fast",
          "speedEnd": "slow"
        },
        {
          "dmxRange": [239, 239],
          "type": "Iris",
          "openPercent": "open"
        },
        {
          "dmxRange": [240, 254],
          "type": "IrisEffect",
          "effectName": "Random ramp up",
          "speedStart": "fast",
          "speedEnd": "slow"
        },
        {
          "dmxRange": [255, 255],
          "type": "Iris",
          "openPercent": "open"
        }
      ]
    },
    "Gobo Wheel 1": {
      "defaultValue": 0,
      "capabilities": [
        {
          "dmxRange": [0, 7],
          "type": "WheelSlot",
          "slotNumber": 1
        },
        {
          "dmxRange": [8, 15],
          "type": "WheelSlot",
          "slotNumber": 2
        },
        {
          "dmxRange": [16, 23],
          "type": "WheelSlot",
          "slotNumber": 3
        },
        {
          "dmxRange": [24, 31],
          "type": "WheelSlot",
          "slotNumber": 4
        },
        {
          "dmxRange": [32, 39],
          "type": "WheelSlot",
          "slotNumber": 5
        },
        {
          "dmxRange": [40, 47],
          "type": "WheelSlot",
          "slotNumber": 6
        },
        {
          "dmxRange": [48, 55],
          "type": "WheelSlot",
          "slotNumber": 7
        },
        {
          "dmxRange": [56, 63],
          "type": "WheelSlot",
          "slotNumber": 8
        },
        {
          "dmxRange": [64, 71],
          "type": "WheelSlot",
          "slotNumber": 9
        },
        {
          "dmxRange": [72, 191],
          "type": "WheelSlot",
          "slotNumber": 10
        },
        {
          "dmxRange": [192, 223],
          "type": "WheelRotation",
          "speedStart": "fast CW",
          "speedEnd": "slow CW"
        },
        {
          "dmxRange": [224, 255],
          "type": "WheelRotation",
          "speedStart": "slow CCW",
          "speedEnd": "fast CCW"
        }
      ]
    },
    "Gobo Wheel 2": {
      "defaultValue": 0,
      "capabilities": [
        {
          "dmxRange": [0, 7],
          "type": "WheelSlot",
          "slotNumber": 1
        },
        {
          "dmxRange": [8, 15],
          "type": "WheelSlot",
          "slotNumber": 2
        },
        {
          "dmxRange": [16, 23],
          "type": "WheelSlot",
          "slotNumber": 3
        },
        {
          "dmxRange": [24, 31],
          "type": "WheelSlot",
          "slotNumber": 4
        },
        {
          "dmxRange": [32, 39],
          "type": "WheelSlot",
          "slotNumber": 5
        },
        {
          "dmxRange": [40, 47],
          "type": "WheelSlot",
          "slotNumber": 6
        },
        {
          "dmxRange": [48, 255],
          "type": "WheelSlot",
          "slotNumber": 7
        }
      ]
    },
    "Gobo Wheel 2 Position / Rotation": {
      "fineChannelAliases": ["Gobo Wheel 2 Position / Rotation fine"],
      "dmxValueResolution": "8bit",
      "capabilities": [
        {
          "dmxRange": [0, 191],
          "type": "WheelSlotRotation",
          "wheel": "Gobo Wheel 2",
          "angleStart": "0deg",
          "angleEnd": "540deg"
        },
        {
          "dmxRange": [192, 222],
          "type": "WheelSlotRotation",
          "wheel": "Gobo Wheel 2",
          "speed": "fast CW"
        },
        {
          "dmxRange": [223, 223],
          "type": "WheelSlotRotation",
          "wheel": "Gobo Wheel 2",
          "speed": "stop"
        },
        {
          "dmxRange": [224, 255],
          "type": "WheelSlotRotation",
          "wheel": "Gobo Wheel 2",
          "speed": "fast CCW"
        }
      ]
    },
    "Color Wheel": {
      "defaultValue": 0,
      "capabilities": [
        {
          "dmxRange": [0, 1],
          "type": "WheelSlot",
          "slotNumber": 1
        },
        {
          "dmxRange": [2, 3],
          "type": "WheelSlot",
          "slotNumber": 1.5
        },
        {
          "dmxRange": [4, 5],
          "type": "WheelSlot",
          "slotNumber": 2
        },
        {
          "dmxRange": [6, 7],
          "type": "WheelSlot",
          "slotNumber": 2.5
        },
        {
          "dmxRange": [8, 9],
          "type": "WheelSlot",
          "slotNumber": 3
        },
        {
          "dmxRange": [10, 11],
          "type": "WheelSlot",
          "slotNumber": 3.5
        },
        {
          "dmxRange": [12, 13],
          "type": "WheelSlot",
          "slotNumber": 4
        },
        {
          "dmxRange": [14, 15],
          "type": "WheelSlot",
          "slotNumber": 4.5
        },
        {
          "dmxRange": [16, 17],
          "type": "WheelSlot",
          "slotNumber": 5
        },
        {
          "dmxRange": [18, 19],
          "type": "WheelSlot",
          "slotNumber": 5.5
        },
        {
          "dmxRange": [20, 21],
          "type": "WheelSlot",
          "slotNumber": 6
        },
        {
          "dmxRange": [22, 23],
          "type": "WheelSlot",
          "slotNumber": 6.5
        },
        {
          "dmxRange": [24, 25],
          "type": "WheelSlot",
          "slotNumber": 7
        },
        {
          "dmxRange": [26, 27],
          "type": "WheelSlot",
          "slotNumber": 7.5
        },
        {
          "dmxRange": [28, 29],
          "type": "WheelSlot",
          "slotNumber": 8
        },
        {
          "dmxRange": [30, 31],
          "type": "WheelSlot",
          "slotNumber": 8.5
        },
        {
          "dmxRange": [32, 33],
          "type": "WheelSlot",
          "slotNumber": 9
        },
        {
          "dmxRange": [34, 35],
          "type": "WheelSlot",
          "slotNumber": 9.5
        },
        {
          "dmxRange": [36, 37],
          "type": "WheelSlot",
          "slotNumber": 10
        },
        {
          "dmxRange": [38, 39],
          "type": "WheelSlot",
          "slotNumber": 10.5
        },
        {
          "dmxRange": [40, 63],
          "type": "NoFunction"
        },
        {
          "dmxRange": [64, 191],
          "type": "WheelRotation",
          "angleStart": "0deg",
          "angleEnd": "360deg",
          "comment": "Colors linear, beginning from white"
        },
        {
          "dmxRange": [192, 223],
          "type": "WheelRotation",
          "speedStart": "fast CW",
          "speedEnd": "slow CW"
        },
        {
          "dmxRange": [224, 255],
          "type": "WheelRotation",
          "speedStart": "slow CCW",
          "speedEnd": "fast CCW"
        }
      ]
    },
    "Cyan": {
      "fineChannelAliases": ["Cyan fine"],
      "defaultValue": 0,
      "capability": {
        "type": "ColorIntensity",
        "color": "Cyan"
      }
    },
    "Magenta": {
      "fineChannelAliases": ["Magenta fine"],
      "defaultValue": 0,
      "capability": {
        "type": "ColorIntensity",
        "color": "Magenta"
      }
    },
    "Yellow": {
      "fineChannelAliases": ["Yellow fine"],
      "defaultValue": 0,
      "capability": {
        "type": "ColorIntensity",
        "color": "Yellow"
      }
    },
    "Sparkle": {
      "defaultValue": 0,
      "capabilities": [
        {
          "dmxRange": [0, 0],
          "type": "NoFunction"
        },
        {
          "dmxRange": [1, 255],
          "type": "Effect",
          "effectName": "Sparkle",
          "parameterStart": "off",
          "parameterEnd": "high"
        }
      ]
    },
    "Sparkle Speed": {
      "capabilities": [
        {
          "dmxRange": [0, 31],
          "type": "EffectSpeed",
          "comment": "Faded",
          "speedStart": "slow",
          "speedEnd": "fast"
        },
        {
          "dmxRange": [32, 63],
          "type": "EffectSpeed",
          "comment": "Switched",
          "speedStart": "slow",
          "speedEnd": "fast"
        },
        {
          "dmxRange": [64, 255],
          "type": "Effect",
          "effectName": "Repeat of fade and switch block"
        }
      ]
    },
    "Prism": {
      "defaultValue": 0,
      "capabilities": [
        {
          "dmxRange": [0, 7],
          "type": "NoFunction"
        },
        {
          "dmxRange": [8, 255],
          "type": "Prism"
        }
      ]
    },
    "Prism Position / Rotation": {
      "fineChannelAliases": ["Prism Position / Rotation fine"],
      "dmxValueResolution": "8bit",
      "capabilities": [
        {
          "dmxRange": [0, 191],
          "type": "PrismRotation",
          "angleStart": "0deg",
          "angleEnd": "540deg"
        },
        {
          "dmxRange": [192, 222],
          "type": "PrismRotation",
          "speed": "fast CW"
        },
        {
          "dmxRange": [223, 223],
          "type": "PrismRotation",
          "speed": "stop"
        },
        {
          "dmxRange": [224, 255],
          "type": "PrismRotation",
          "speed": "fast CCW"
        }
      ]
    },
    "Frost": {
      "defaultValue": 0,
      "capabilities": [
        {
          "dmxRange": [0, 126],
          "type": "Frost",
          "frostIntensityStart": "off",
          "frostIntensityEnd": "high"
        },
        {
          "dmxRange": [127, 127],
          "type": "Frost",
          "frostIntensity": "high"
        },
        {
          "dmxRange": [128, 142],
          "type": "FrostEffect",
          "effectName": "Opening pulse",
          "speedStart": "fast",
          "speedEnd": "slow"
        },
        {
          "dmxRange": [143, 143],
          "type": "Frost",
          "frostIntensity": "low"
        },
        {
          "dmxRange": [144, 158],
          "type": "FrostEffect",
          "effectName": "Closing pulse",
          "speedStart": "fast",
          "speedEnd": "slow"
        },
        {
          "dmxRange": [159, 159],
          "type": "Frost",
          "frostIntensity": "high"
        },
        {
          "dmxRange": [160, 174],
          "type": "FrostEffect",
          "effectName": "Ramp up",
          "speedStart": "fast",
          "speedEnd": "slow"
        },
        {
          "dmxRange": [175, 175],
          "type": "Frost",
          "frostIntensity": "low"
        },
        {
          "dmxRange": [176, 190],
          "type": "FrostEffect",
          "effectName": "Ramp down",
          "speedStart": "fast",
          "speedEnd": "slow"
        },
        {
          "dmxRange": [191, 191],
          "type": "Frost",
          "frostIntensity": "high"
        },
        {
          "dmxRange": [192, 206],
          "type": "FrostEffect",
          "effectName": "Random opening pulse",
          "speedStart": "fast",
          "speedEnd": "slow"
        },
        {
          "dmxRange": [207, 207],
          "type": "Frost",
          "frostIntensity": "low"
        },
        {
          "dmxRange": [208, 222],
          "type": "FrostEffect",
          "effectName": "Random closing pulse",
          "speedStart": "fast",
          "speedEnd": "slow"
        },
        {
          "dmxRange": [223, 223],
          "type": "Frost",
          "frostIntensity": "high"
        },
        {
          "dmxRange": [224, 238],
          "type": "FrostEffect",
          "effectName": "Random ramp up",
          "speedStart": "fast",
          "speedEnd": "slow"
        },
        {
          "dmxRange": [239, 239],
          "type": "Frost",
          "frostIntensity": "low"
        },
        {
          "dmxRange": [240, 254],
          "type": "FrostEffect",
          "effectName": "Random ramp down",
          "speedStart": "fast",
          "speedEnd": "slow"
        },
        {
          "dmxRange": [255, 255],
          "type": "Effect",
          "effectName": "Aperture for logo projection"
        }
      ]
    },
    "Macro": {
      "defaultValue": 0,
      "capabilities": [
        {
          "dmxRange": [0, 0],
          "type": "NoFunction"
        },
        {
          "dmxRange": [1, 255],
          "type": "Effect",
          "effectName": "Macro 001-255"
        }
      ]
    },
    "Pan/Tilt Speed": {
      "defaultValue": 0,
      "capabilities": [
        {
          "dmxRange": [0, 3],
          "type": "PanTiltSpeed",
          "speed": "fast"
        },
        {
          "dmxRange": [4, 255],
          "type": "PanTiltSpeed",
          "speedStart": "fast",
          "speedEnd": "slow"
        }
      ]
    },
    "Effect Speed": {
      "defaultValue": 0,
      "capabilities": [
        {
          "dmxRange": [0, 3],
          "type": "EffectSpeed",
          "speed": "fast"
        },
        {
          "dmxRange": [4, 255],
          "type": "EffectSpeed",
          "speedStart": "fast",
          "speedEnd": "slow"
        }
      ]
    },
    "Blackout on Move": {
      "defaultValue": 0,
      "capabilities": [
        {
          "dmxRange": [0, 95],
          "type": "NoFunction"
        },
        {
          "dmxRange": [96, 127],
          "type": "Maintenance",
          "comment": "Blackout at pan/tilt"
        },
        {
          "dmxRange": [128, 159],
          "type": "Maintenance",
          "comment": "Blackout at gobo, color, prism, CMY, iris, frost"
        },
        {
          "dmxRange": [160, 191],
          "type": "Maintenance",
          "comment": "Blackout at gobo, color, prism, CMY, iris, frost, zoom, focus"
        },
        {
          "dmxRange": [192, 223],
          "type": "Maintenance",
          "comment": "Blackout at gobo, color, prism, CMY, iris, frost, pan/tilt"
        },
        {
          "dmxRange": [224, 255],
          "type": "Maintenance",
          "comment": "Blackout at gobo, color, prism, CMY, iris, frost, zoom, focus, pan/tilt"
        }
      ]
    }
  },
  "modes": [
    {
      "name": "1st",
      "shortName": "M1",
      "channels": [
        "Pan",
        "Pan fine",
        "Tilt",
        "Tilt fine",
        "Control",
        "Shutter",
        "Dimmer",
        "Focus",
        "Zoom",
        "Iris",
        "Gobo Wheel 1",
        "Gobo Wheel 2",
        "Gobo Wheel 2 Position / Rotation",
        "Color Wheel",
        "Cyan",
        "Magenta",
        "Yellow",
        "Sparkle",
        "Sparkle Speed",
        "Prism",
        "Prism Position / Rotation",
        "Frost",
        "Macro",
        "Pan/Tilt Speed",
        "Effect Speed",
        "Blackout on Move"
      ]
    },
    {
      "name": "2nd",
      "shortName": "M2",
      "channels": [
        "Pan",
        "Pan fine",
        "Tilt",
        "Tilt fine",
        "Control",
        "Shutter",
        "Dimmer",
        "Focus",
        "Zoom",
        "Iris",
        "Gobo Wheel 1",
        "Gobo Wheel 2",
        "Gobo Wheel 2 Position / Rotation",
        "Gobo Wheel 2 Position / Rotation fine",
        "Color Wheel",
        "Cyan",
        "Cyan fine",
        "Magenta",
        "Magenta fine",
        "Yellow",
        "Yellow fine",
        "Sparkle",
        "Sparkle Speed",
        "Prism",
        "Prism Position / Rotation",
        "Prism Position / Rotation fine",
        "Frost",
        "Macro",
        "Pan/Tilt Speed",
        "Effect Speed",
        "Blackout on Move"
      ]
    },
    {
      "name": "3rd",
      "shortName": "M3",
      "channels": [
        "Pan",
        "Pan fine",
        "Tilt",
        "Tilt fine",
        "Control",
        "Shutter",
        "Dimmer",
        "Focus",
        "Zoom",
        "Iris",
        "Gobo Wheel 1",
        "Gobo Wheel 2",
        "Gobo Wheel 2 Position / Rotation",
        "Color Wheel",
        "Cyan",
        "Magenta",
        "Yellow",
        "Sparkle",
        "Sparkle Speed",
        "Prism",
        "Prism Position / Rotation",
        "Frost",
        "Macro",
        "Blackout on Move"
      ]
    }
  ],
  "fixtureKey": "varyscan-p7",
  "manufacturerKey": "jb-lighting",
  "oflURL": "https://open-fixture-library.org/jb-lighting/varyscan-p7"
}
