{
  "$schema": "https://raw.githubusercontent.com/OpenLightingProject/open-fixture-library/schema-12.4.0/schemas/fixture.json",
  "name": "LUX-LD30W",
  "categories": ["Moving Head", "Color Changer"],
  "meta": {
    "authors": ["Nerijus Mongirdas", "Flo Edelmann"],
    "createDate": "2017-09-19",
    "lastModifyDate": "2018-09-04",
    "importPlugin": {
      "plugin": "qlcplus_4.11.2",
      "date": "2017-09-19",
      "comment": "created by Q Light Controller Plus (version 4.11.0)"
    }
  },
  "links": {
    "manual": [
      "https://www.discoworld.dk/manuals/avsl/150447.pdf"
    ]
  },
  "physical": {
    "dimensions": [345, 435, 340],
    "weight": 6.8,
    "DMXconnector": "5-pin",
    "bulb": {
      "type": "1x 30W White LED",
      "lumens": 265
    },
    "lens": {
      "degreesMinMax": [12, 12]
    }
  },
  "wheels": {
    "Color Wheel": {
      "slots": [
        {
          "type": "Open"
        },
        {
          "type": "Color",
          "name": "Red",
          "colors": ["#ff0000"]
        },
        {
          "type": "Color",
          "name": "Yellow",
          "colors": ["#ffff00"]
        },
        {
          "type": "Color",
          "name": "Cyan",
          "colors": ["#00ffff"]
        },
        {
          "type": "Color",
          "name": "Green",
          "colors": ["#00ff00"]
        },
        {
          "type": "Color",
          "name": "Orange",
          "colors": ["#ff7700"]
        },
        {
          "type": "Color",
          "name": "Purple",
          "colors": ["#ff00aa"]
        },
        {
          "type": "Color",
          "name": "Blue",
          "colors": ["#0000ff"]
        }
      ]
    },
    "Gobo Wheel": {
      "slots": [
        {
          "type": "Open"
        },
        {
          "type": "Gobo"
        },
        {
          "type": "Gobo"
        },
        {
          "type": "Gobo"
        },
        {
          "type": "Gobo"
        },
        {
          "type": "Gobo"
        },
        {
          "type": "Gobo"
        }
      ]
    }
  },
  "availableChannels": {
    "Color Wheel": {
      "capabilities": [
        {
          "dmxRange": [0, 17],
          "type": "WheelSlot",
          "slotNumber": 1
        },
        {
          "dmxRange": [18, 33],
          "type": "WheelSlot",
          "slotNumber": 2
        },
        {
          "dmxRange": [34, 50],
          "type": "WheelSlot",
          "slotNumber": 3
        },
        {
          "dmxRange": [51, 67],
          "type": "WheelSlot",
          "slotNumber": 4
        },
        {
          "dmxRange": [68, 84],
          "type": "WheelSlot",
          "slotNumber": 5
        },
        {
          "dmxRange": [85, 101],
          "type": "WheelSlot",
          "slotNumber": 6
        },
        {
          "dmxRange": [102, 107],
          "type": "WheelSlot",
          "slotNumber": 7
        },
        {
          "dmxRange": [108, 127],
          "type": "WheelSlot",
          "slotNumber": 8
        },
        {
          "dmxRange": [128, 192],
          "type": "WheelRotation",
          "speedStart": "fast CCW",
          "speedEnd": "slow CCW"
        },
        {
          "dmxRange": [193, 255],
          "type": "WheelRotation",
          "speedStart": "slow CCW",
          "speedEnd": "fast CCW"
        }
      ]
    },
    "Gobo Wheel": {
      "capabilities": [
        {
          "dmxRange": [0, 20],
          "type": "WheelSlot",
          "slotNumber": 1
        },
        {
          "dmxRange": [21, 41],
          "type": "WheelSlot",
          "slotNumber": 2
        },
        {
          "dmxRange": [42, 62],
          "type": "WheelSlot",
          "slotNumber": 3
        },
        {
          "dmxRange": [63, 83],
          "type": "WheelSlot",
          "slotNumber": 4
        },
        {
          "dmxRange": [84, 104],
          "type": "WheelSlot",
          "slotNumber": 5
        },
        {
          "dmxRange": [105, 119],
          "type": "WheelSlot",
          "slotNumber": 6
        },
        {
          "dmxRange": [120, 127],
          "type": "WheelSlot",
          "slotNumber": 7
        },
        {
          "dmxRange": [128, 192],
          "type": "WheelRotation",
          "speedStart": "fast CCW",
          "speedEnd": "slow CCW"
        },
        {
          "dmxRange": [193, 255],
          "type": "WheelRotation",
          "speedStart": "slow CCW",
          "speedEnd": "fast CCW"
        }
      ]
    },
    "Gobo rotation": {
      "capabilities": [
        {
          "dmxRange": [0, 0],
          "type": "WheelSlotRotation",
          "wheel": "Gobo Wheel",
          "speed": "stop"
        },
        {
          "dmxRange": [1, 127],
          "type": "WheelSlotRotation",
          "wheel": "Gobo Wheel",
          "speedStart": "fast CW",
          "speedEnd": "slow CW"
        },
        {
          "dmxRange": [128, 255],
          "type": "WheelSlotRotation",
          "wheel": "Gobo Wheel",
          "speedStart": "slow CCW",
          "speedEnd": "fast CCW"
        }
      ]
    },
    "Dimmer / Strobe": {
      "capabilities": [
        {
          "dmxRange": [0, 0],
          "type": "ShutterStrobe",
          "shutterEffect": "Closed"
        },
        {
          "dmxRange": [1, 115],
          "type": "Intensity",
          "brightnessStart": "off",
          "brightnessEnd": "bright"
        },
        {
          "dmxRange": [116, 243],
          "type": "ShutterStrobe",
          "shutterEffect": "Strobe",
          "speedStart": "slow",
          "speedEnd": "fast"
        },
        {
          "dmxRange": [244, 255],
          "type": "ShutterStrobe",
          "shutterEffect": "Open"
        }
      ]
    },
    "Pan": {
      "fineChannelAliases": ["Pan fine"],
      "defaultValue": "50%",
      "capability": {
        "type": "Pan",
        "angleStart": "0%",
        "angleEnd": "100%"
      }
    },
    "Tilt": {
      "fineChannelAliases": ["Tilt fine"],
      "defaultValue": "50%",
      "capability": {
        "type": "Tilt",
        "angleStart": "0%",
        "angleEnd": "100%"
      }
    },
    "Pan/Tilt Speed": {
      "capability": {
        "type": "PanTiltSpeed",
        "speedStart": "fast",
        "speedEnd": "slow"
      }
    },
    "Reset": {
      "capabilities": [
        {
          "dmxRange": [0, 149],
          "type": "NoFunction"
        },
        {
          "dmxRange": [150, 200],
          "type": "Maintenance",
          "comment": "Electronic reset"
        },
        {
          "dmxRange": [201, 255],
          "type": "NoFunction"
        }
      ]
    }
  },
  "modes": [
    {
      "name": "10-channel",
      "shortName": "10ch",
      "channels": [
        "Color Wheel",
        "Gobo Wheel",
        "Gobo rotation",
        "Dimmer / Strobe",
        "Pan",
        "Tilt",
        "Pan/Tilt Speed",
        "Pan fine",
        "Tilt fine",
        "Reset"
      ]
    }
  ],
  "fixtureKey": "lux-ld30w",
  "manufacturerKey": "qtx",
  "oflURL": "https://open-fixture-library.org/qtx/lux-ld30w"
}
